"age","pclass_1","pclass_2","female","embarked_S","embarked_C","embarked_Q","cabin_B","cabin_C","cabin_E","cabin_D","cabin_A","cabin_F","cabin_G","fare_log10","sibsp_log10","parch_log10","firstclass_female","secondclass_female","survived"
29,1,0,1,1,0,0,1,0,0,0,0,0,0,2.3270266997942755,0,0,1,0,"1"
0.92,1,0,0,1,0,0,0,1,0,0,0,0,0,2.1834122119784256,0.30102999566398114,0.30102999566398114,0,0,"1"
2,1,0,1,1,0,0,0,1,0,0,0,0,0,2.1834122119784256,0.30102999566398114,0.30102999566398114,1,0,"0"
30,1,0,0,1,0,0,0,1,0,0,0,0,0,2.1834122119784256,0.30102999566398114,0.30102999566398114,0,0,"0"
25,1,0,1,1,0,0,0,1,0,0,0,0,0,2.1834122119784256,0.30102999566398114,0.30102999566398114,1,0,"0"
48,1,0,0,1,0,0,0,0,1,0,0,0,0,1.4401216031878037,0,0,0,0,"1"
63,1,0,1,1,0,0,0,0,0,1,0,0,0,1.8973977892491292,0.30102999566398114,0,1,0,"1"
39,1,0,0,1,0,0,0,0,0,0,1,0,0,0,0,0,0,0,"0"
53,1,0,1,1,0,0,0,1,0,0,0,0,0,1.7199872059744314,0.47712125471966244,0,1,0,"1"
71,1,0,0,0,1,0,0,0,0,0,0,0,0,1.7033274961578129,0,0,0,0,"0"
47,1,0,0,0,1,0,0,1,0,0,0,0,0,2.3589337176143736,0.30102999566398114,0,0,0,"0"
18,1,0,1,0,1,0,0,1,0,0,0,0,0,2.3589337176143736,0.30102999566398114,0,1,0,"1"
24,1,0,1,0,1,0,1,0,0,0,0,0,0,1.8469553250198238,0,0,1,0,"1"
26,1,0,1,1,0,0,0,0,0,0,0,0,0,1.9022749204745015,0,0,1,0,"1"
80,1,0,0,1,0,0,0,0,0,0,1,0,0,1.4913616938342726,0,0,0,0,"1"
29.881137667304014,1,0,0,1,0,0,0,0,0,0,0,0,0,1.430155711970019,0,0,0,0,"0"
24,1,0,0,0,1,0,1,0,0,0,0,0,0,2.3953627429574396,0,0,0,0,"0"
50,1,0,1,0,1,0,1,0,0,0,0,0,0,2.3953627429574396,0,0,1,0,"1"
32,1,0,1,0,1,0,0,0,0,1,0,0,0,1.8881328595362297,0,0,1,0,"1"
36,1,0,0,0,1,0,0,1,0,0,0,0,0,1.8821925714233974,0,0,0,0,"0"
37,1,0,0,1,0,0,0,0,0,1,0,0,0,1.7287935361444733,0.30102999566398114,0.30102999566398114,0,0,"1"
47,1,0,1,1,0,0,0,0,0,1,0,0,0,1.7287935361444733,0.30102999566398114,0.30102999566398114,1,0,"1"
26,1,0,0,0,1,0,0,1,0,0,0,0,0,1.4913616938342726,0,0,0,0,"1"
42,1,0,1,0,1,0,0,0,0,0,0,0,0,2.3589337176143736,0,0,1,0,"1"
29,1,0,1,1,0,0,0,1,0,0,0,0,0,2.347874640061327,0,0,1,0,"1"
25,1,0,0,0,1,0,0,0,0,0,0,0,0,1.4313637641589871,0,0,0,0,"0"
25,1,0,0,0,1,0,1,0,0,0,0,0,0,1.9641615374126256,0.30102999566398114,0,0,0,"1"
19,1,0,1,0,1,0,1,0,0,0,0,0,0,1.9641615374126256,0.30102999566398114,0,1,0,"1"
35,1,0,1,1,0,0,0,1,0,0,0,0,0,2.135556557645501,0,0,1,0,"1"
28,1,0,0,1,0,0,0,1,0,0,0,0,0,1.4401216031878037,0,0,0,0,"1"
45,1,0,0,1,0,0,0,0,0,0,0,0,0,1.5622928644564746,0,0,0,0,"0"
40,1,0,0,0,1,0,0,0,0,0,1,0,0,1.5051499783199058,0,0,0,0,"1"
30,1,0,1,1,0,0,0,1,0,0,0,0,0,2.219759204240921,0,0,1,0,"1"
58,1,0,1,1,0,0,0,1,0,0,0,0,0,1.4401216031878037,0,0,1,0,"1"
42,1,0,0,1,0,0,0,0,0,1,0,0,0,1.4401216031878037,0,0,0,0,"0"
45,1,0,1,0,1,0,0,0,0,0,0,0,0,2.4205745486161567,0,0,1,0,"1"
22,1,0,1,1,0,0,0,0,1,0,0,0,0,1.7481880270062005,0,0,1,0,"1"
29.881137667304014,1,0,0,1,0,0,0,0,0,0,0,0,0,1.4401216031878037,0,0,0,0,"1"
41,1,0,0,1,0,0,0,0,0,0,1,0,0,1.4983105537896002,0,0,0,0,"0"
48,1,0,0,0,1,0,1,0,0,0,0,0,0,1.7117718094061183,0,0,0,0,"0"
29.881137667304014,1,0,0,0,1,0,0,0,0,0,0,0,0,1.608526033577194,0,0,0,0,"0"
44,1,0,1,0,1,0,1,0,0,0,0,0,0,1.458196532741108,0,0,1,0,"1"
59,1,0,1,1,0,0,0,1,0,0,0,0,0,1.7199872059744314,0.47712125471966244,0,1,0,"1"
60,1,0,1,0,1,0,0,0,0,1,0,0,0,1.8881328595362297,0,0,1,0,"1"
41,1,0,1,0,1,0,0,0,1,0,0,0,0,2.131939295210424,0,0,1,0,"1"
45,1,0,0,1,0,0,1,0,0,0,0,0,0,1.4401216031878037,0,0,0,0,"0"
29.881137667304014,1,0,0,1,0,0,0,0,0,0,0,0,0,1.5051499783199058,0,0,0,0,"0"
42,1,0,0,1,0,0,0,0,1,0,0,0,0,1.4359637487171955,0,0,0,0,"1"
53,1,0,1,0,1,0,0,0,0,0,0,0,0,1.4540181522257762,0,0,1,0,"1"
36,1,0,0,0,1,0,1,0,0,0,0,0,0,2.7103959691861146,0,0,0,0,"1"
58,1,0,1,0,1,0,1,0,0,0,0,0,0,2.7103959691861146,0,0,1,0,"1"
33,1,0,0,1,0,0,1,0,0,0,0,0,0,0.7781512503836435,0,0,0,0,"0"
28,1,0,0,1,0,0,0,0,0,0,0,0,0,1.6821450763738317,0,0,0,0,"0"
17,1,0,0,1,0,0,0,0,0,0,0,0,0,1.6821450763738317,0,0,0,0,"0"
11,1,0,0,1,0,0,1,0,0,0,0,0,0,2.08278537031645,0.30102999566398114,0.30102999566398114,0,0,"1"
14,1,0,1,1,0,0,1,0,0,0,0,0,0,2.08278537031645,0.30102999566398114,0.30102999566398114,1,0,"1"
36,1,0,0,1,0,0,1,0,0,0,0,0,0,2.08278537031645,0.30102999566398114,0.30102999566398114,0,0,"1"
36,1,0,1,1,0,0,1,0,0,0,0,0,0,2.08278537031645,0.30102999566398114,0.30102999566398114,1,0,"1"
49,1,0,0,1,0,0,0,0,0,0,0,0,0,1.4313637641589871,0,0,0,0,"0"
29.881137667304014,1,0,1,0,1,0,0,0,0,0,0,0,0,1.458196532741108,0,0,1,0,"1"
36,1,0,0,1,0,0,0,1,0,0,0,0,0,1.9022749204745015,0.30102999566398114,0,0,0,"0"
76,1,0,1,1,0,0,0,1,0,0,0,0,0,1.9022749204745015,0.30102999566398114,0,1,0,"1"
46,1,0,0,1,0,0,0,0,1,0,0,0,0,1.7936157939419735,0.30102999566398114,0,0,0,"0"
47,1,0,1,1,0,0,0,0,1,0,0,0,0,1.7936157939419735,0.30102999566398114,0,1,0,"1"
27,1,0,0,1,0,0,0,0,1,0,0,0,0,1.7331972651065692,0.30102999566398114,0,0,0,"1"
33,1,0,1,1,0,0,0,0,1,0,0,0,0,1.7331972651065692,0.30102999566398114,0,1,0,"1"
36,1,0,1,0,1,0,1,0,0,0,0,0,0,2.4205745486161567,0,0,1,0,"1"
30,1,0,1,1,0,0,1,0,0,0,0,0,0,1.9420080530223132,0,0,1,0,"1"
45,1,0,0,0,1,0,0,0,0,0,1,0,0,1.4871383754771863,0,0,0,0,"1"
29.881137667304014,1,0,1,1,0,0,0,0,1,0,0,0,0,1.7481880270062005,0,0,1,0,"1"
29.881137667304014,1,0,0,1,0,0,0,0,0,0,0,0,0,0,0,0,0,0,"0"
27,1,0,0,0,1,0,0,1,0,0,0,0,0,2.139183658739585,0.30102999566398114,0,0,0,"0"
26,1,0,1,0,1,0,0,1,0,0,0,0,0,2.139183658739585,0.30102999566398114,0,1,0,"1"
22,1,0,1,1,0,0,0,0,0,0,0,0,0,2.1834122119784256,0,0,1,0,"1"
29.881137667304014,1,0,0,1,0,0,0,0,0,0,1,0,0,1.724275869600789,0,0,0,0,"0"
47,1,0,0,1,0,0,0,0,1,0,0,0,0,1.4246775029107852,0,0,0,0,"0"
39,1,0,1,0,1,0,0,0,1,0,0,0,0,1.9250969541376577,0.30102999566398114,0.30102999566398114,1,0,"1"
37,1,0,0,0,1,0,0,0,1,0,0,0,0,1.9250969541376577,0.30102999566398114,0.30102999566398114,0,0,"0"
64,1,0,1,0,1,0,0,0,1,0,0,0,0,1.9250969541376577,0,0,1,0,"1"
55,1,0,1,1,0,0,0,1,0,0,0,0,0,1.426511261364575,0.47712125471966244,0,1,0,"1"
29.881137667304014,1,0,0,1,0,0,0,0,0,0,0,0,0,1.4401216031878037,0,0,0,0,"0"
70,1,0,0,1,0,0,1,0,0,0,0,0,0,1.8573324964312683,0.30102999566398114,0.30102999566398114,0,0,"0"
36,1,0,1,1,0,0,1,0,0,0,0,0,0,1.8573324964312683,0,0,1,0,"1"
64,1,0,1,1,0,0,1,0,0,0,0,0,0,1.4401216031878037,0.30102999566398114,0.30102999566398114,1,0,"1"
39,1,0,0,0,1,0,0,1,0,0,0,0,0,1.8590379714909275,0.30102999566398114,0,0,0,"0"
38,1,0,1,0,1,0,0,1,0,0,0,0,0,1.8590379714909275,0.30102999566398114,0,1,0,"1"
51,1,0,0,1,0,0,0,0,1,0,0,0,0,1.4401216031878037,0,0,0,0,"1"
27,1,0,0,1,0,0,0,0,0,0,0,0,0,1.4983105537896002,0,0,0,0,"1"
33,1,0,1,1,0,0,0,0,0,0,0,0,0,2.1834122119784256,0,0,1,0,"1"
31,1,0,0,1,0,0,1,0,0,0,0,0,0,1.724275869600789,0.30102999566398114,0,0,0,"0"
27,1,0,1,1,0,0,1,0,0,0,0,0,0,1.724275869600789,0.30102999566398114,0.30102999566398114,1,0,"1"
31,1,0,0,1,0,0,1,0,0,0,0,0,0,1.7634279935629371,0.30102999566398114,0,0,0,"1"
17,1,0,1,1,0,0,1,0,0,0,0,0,0,1.7634279935629371,0.30102999566398114,0,1,0,"1"
53,1,0,0,1,0,0,0,0,0,0,1,0,0,1.918336018653404,0.30102999566398114,0.30102999566398114,0,0,"1"
4,1,0,0,1,0,0,0,0,0,0,1,0,0,1.918336018653404,0,0,0,0,"1"
54,1,0,1,1,0,0,0,0,0,0,1,0,0,1.918336018653404,0.30102999566398114,0.30102999566398114,1,0,"1"
50,1,0,0,0,1,0,0,1,0,0,0,0,0,2.0311053623559405,0.30102999566398114,0,0,0,"0"
27,1,0,1,0,1,0,1,0,0,0,0,0,0,2.3953627429574396,0.30102999566398114,0.30102999566398114,1,0,"1"
48,1,0,1,0,1,0,0,1,0,0,0,0,0,2.0311053623559405,0.30102999566398114,0,1,0,"1"
48,1,0,1,0,1,0,0,0,0,0,1,0,0,1.608526033577194,0.30102999566398114,0,1,0,"1"
49,1,0,0,0,1,0,0,0,0,0,1,0,0,1.762897530950558,0.30102999566398114,0,0,0,"1"
39,1,0,0,0,1,0,0,0,0,0,1,0,0,1.4871383754771863,0,0,0,0,"0"
23,1,0,1,0,1,0,0,1,0,0,0,0,0,1.9250969541376577,0,0,1,0,"1"
38,1,0,1,0,1,0,0,1,0,0,0,0,0,2.3589337176143736,0,0,1,0,"1"
54,1,0,1,0,1,0,0,0,0,1,0,0,0,1.8990907781931157,0.30102999566398114,0,1,0,"1"
36,1,0,1,0,1,0,0,0,0,0,1,0,0,1.5142714162863822,0,0,1,0,"0"
29.881137667304014,1,0,0,1,0,0,0,1,0,0,0,0,0,2.347874640061327,0,0,0,0,"0"
29.881137667304014,1,0,1,1,0,0,0,0,0,0,0,0,0,1.5143259003522656,0,0,1,0,"1"
29.881137667304014,1,0,1,0,1,0,0,0,0,0,0,0,0,2.048765267412167,0,0,1,0,"1"
36,1,0,0,1,0,0,0,0,1,0,0,0,0,1.4375523905687615,0,0,0,0,"1"
30,1,0,0,0,1,0,0,1,0,0,0,0,0,1.458637849025649,0,0,0,0,"0"
24,1,0,1,1,0,0,0,1,0,0,0,0,0,2.421603926869831,0.6020599913279623,0.6020599913279623,1,0,"1"
28,1,0,1,1,0,0,0,1,0,0,0,0,0,2.421603926869831,0.6020599913279623,0.6020599913279623,1,0,"1"
23,1,0,1,1,0,0,0,1,0,0,0,0,0,2.421603926869831,0.6020599913279623,0.6020599913279623,1,0,"1"
19,1,0,0,1,0,0,0,1,0,0,0,0,0,2.421603926869831,0.6020599913279623,0.6020599913279623,0,0,"0"
64,1,0,0,1,0,0,0,1,0,0,0,0,0,2.421603926869831,0.30102999566398114,0.30102999566398114,0,0,"0"
60,1,0,1,1,0,0,0,1,0,0,0,0,0,2.421603926869831,0.30102999566398114,0.30102999566398114,1,0,"1"
30,1,0,1,0,1,0,0,0,1,0,0,0,0,1.762897530950558,0,0,1,0,"1"
29.881137667304014,1,0,0,1,0,0,0,0,0,1,0,0,0,1.4401216031878037,0,0,0,0,"0"
50,1,0,0,1,0,0,0,0,0,0,0,0,0,2.1292063577475293,0.47712125471966244,0,0,0,"1"
43,1,0,0,0,1,0,0,0,0,1,0,0,0,1.458196532741108,0.30102999566398114,0,0,0,"1"
29.881137667304014,1,0,1,1,0,0,0,0,0,0,0,0,0,2.1292063577475293,0.30102999566398114,0,1,0,"1"
22,1,0,1,0,1,0,1,0,0,0,0,0,0,1.7032913781186614,0,0,1,0,"1"
60,1,0,0,0,1,0,1,0,0,0,0,0,0,1.9041743682841634,0.30102999566398114,0.30102999566398114,0,0,"1"
48,1,0,1,0,1,0,1,0,0,0,0,0,0,1.9041743682841634,0.30102999566398114,0.30102999566398114,1,0,"1"
29.881137667304014,1,0,0,1,0,0,1,0,0,0,0,0,0,0,0,0,0,0,"0"
37,1,0,0,1,0,0,0,1,0,0,0,0,0,1.7331972651065692,0.30102999566398114,0,0,0,"0"
35,1,0,1,1,0,0,0,1,0,0,0,0,0,1.7331972651065692,0.30102999566398114,0,1,0,"1"
47,1,0,0,1,0,0,0,0,1,0,0,0,0,1.5965970956264601,0,0,0,0,"0"
35,1,0,1,0,1,0,0,1,0,0,0,0,0,2.3273589343863303,0,0,1,0,"1"
22,1,0,1,0,1,0,0,0,0,0,0,0,0,1.7810369386211315,0,0,1,0,"1"
45,1,0,1,0,1,0,0,0,0,0,0,0,0,1.7810369386211315,0,0,1,0,"1"
24,1,0,0,0,1,0,1,0,0,0,0,0,0,1.9041743682841634,0,0,0,0,"0"
49,1,0,0,0,1,0,0,1,0,0,0,0,0,1.9547450350890707,0.30102999566398114,0,0,0,"1"
29.881137667304014,1,0,1,0,1,0,0,1,0,0,0,0,0,1.9547450350890707,0.30102999566398114,0,1,0,"1"
71,1,0,0,0,1,0,0,0,0,0,1,0,0,1.552110696302489,0,0,0,0,"0"
53,1,0,0,0,1,0,0,1,0,0,0,0,0,1.469822015978163,0,0,0,0,"1"
19,1,0,1,1,0,0,1,0,0,0,0,0,0,1.4913616938342726,0,0,1,0,"1"
38,1,0,0,1,0,0,0,1,0,0,0,0,0,2.188823059684136,0,0,0,0,"0"
58,1,0,1,1,0,0,0,1,0,0,0,0,0,2.188823059684136,0,0,1,0,"1"
23,1,0,0,0,1,0,0,0,0,1,0,0,0,1.808604563855051,0,0,0,0,"1"
45,1,0,1,0,1,0,0,0,0,1,0,0,0,1.808604563855051,0,0,1,0,"1"
46,1,0,0,0,1,0,1,0,0,0,0,0,0,1.9041743682841634,0,0,0,0,"0"
25,1,0,0,0,1,0,0,0,1,0,0,0,0,1.751600086044402,0.30102999566398114,0,0,0,"1"
25,1,0,1,0,1,0,0,0,1,0,0,0,0,1.751600086044402,0.30102999566398114,0,1,0,"1"
48,1,0,0,0,1,0,0,0,0,1,0,0,0,1.89058419790781,0.30102999566398114,0,0,0,"1"
49,1,0,1,0,1,0,0,0,0,1,0,0,0,1.89058419790781,0.30102999566398114,0,1,0,"1"
29.881137667304014,1,0,0,1,0,0,0,0,0,0,0,0,0,1.6374897295125106,0,0,0,0,"0"
45,1,0,0,1,0,0,0,1,0,0,0,0,0,1.926728200446934,0.30102999566398114,0,0,0,"0"
35,1,0,1,1,0,0,0,1,0,0,0,0,0,1.926728200446934,0.30102999566398114,0,1,0,"1"
40,1,0,0,1,0,0,1,0,0,0,0,0,0,0,0,0,0,0,"0"
27,1,0,0,0,1,0,0,0,0,1,0,0,0,1.89058419790781,0,0,0,0,"1"
29.881137667304014,1,0,0,1,0,0,0,0,0,1,0,0,0,1.4913616938342726,0,0,0,0,"1"
24,1,0,1,0,1,0,0,1,0,0,0,0,0,1.9250969541376577,0,0,1,0,"1"
55,1,0,0,1,0,0,1,0,0,0,0,0,0,1.9754318085092628,0.30102999566398114,0.30102999566398114,0,0,"0"
52,1,0,1,1,0,0,1,0,0,0,0,0,0,1.9754318085092628,0.30102999566398114,0.30102999566398114,1,0,"1"
42,1,0,0,1,0,0,1,0,0,0,0,0,0,1.6384892569546372,0,0,0,0,"0"
29.881137667304014,1,0,0,1,0,0,0,0,1,0,0,0,0,1.7231476981549567,0,0,0,0,"0"
55,1,0,0,1,0,0,0,1,0,0,0,0,0,1.7075701760979363,0,0,0,0,"0"
16,1,0,1,0,1,0,1,0,0,0,0,0,0,1.7706988774402308,0,0,1,0,"1"
44,1,0,1,0,1,0,1,0,0,0,0,0,0,1.7706988774402308,0,0,1,0,"1"
51,1,0,1,1,0,0,0,0,0,1,0,0,0,1.8973977892491292,0.30102999566398114,0,1,0,"1"
42,1,0,0,1,0,0,0,0,0,0,0,0,0,1.724275869600789,0.30102999566398114,0,0,0,"0"
35,1,0,1,1,0,0,0,0,0,0,0,0,0,1.724275869600789,0.30102999566398114,0,1,0,"1"
35,1,0,0,0,1,0,0,0,0,0,0,0,0,1.4401216031878037,0,0,0,0,"1"
38,1,0,0,1,0,0,0,1,0,0,0,0,0,1.9590413923210932,0.30102999566398114,0,0,0,"1"
29.881137667304014,1,0,0,0,1,0,0,0,0,0,0,0,0,1.5010017178117603,0,0,0,0,"0"
35,1,0,1,1,0,0,0,1,0,0,0,0,0,1.9590413923210932,0.30102999566398114,0,1,0,"1"
38,1,0,1,0,0,0,1,0,0,0,0,0,0,1.9084850188786497,0,0,1,0,"1"
50,1,0,1,0,1,0,0,1,0,0,0,0,0,1.4729391947362365,0,0,1,0,"0"
49,1,0,0,1,0,0,1,0,0,0,0,0,0,0,0,0,0,0,"1"
46,1,0,0,1,0,0,0,0,0,0,0,0,0,1.4313637641589871,0,0,0,0,"0"
50,1,0,0,1,0,0,0,0,1,0,0,0,0,1.4313637641589871,0,0,0,0,"0"
32.5,1,0,0,0,1,0,0,1,0,0,0,0,0,2.3273589343863303,0,0,0,0,"0"
58,1,0,0,0,1,0,1,0,0,0,0,0,0,1.4871383754771863,0,0,0,0,"0"
41,1,0,0,1,0,0,0,0,0,1,0,0,0,1.7231476981549567,0.30102999566398114,0,0,0,"0"
29.881137667304014,1,0,1,1,0,0,0,0,0,1,0,0,0,1.7231476981549567,0.30102999566398114,0,1,0,"1"
42,1,0,0,1,0,0,0,0,0,1,0,0,0,1.7287935361444733,0.30102999566398114,0,0,0,"1"
45,1,0,1,1,0,0,0,0,0,1,0,0,0,1.7287935361444733,0.30102999566398114,0,1,0,"1"
29.881137667304014,1,0,0,1,0,0,0,1,0,0,0,0,0,1.4401216031878037,0,0,0,0,"0"
39,1,0,1,1,0,0,0,0,0,0,0,0,0,2.3270266997942755,0,0,1,0,"1"
49,1,0,1,1,0,0,0,0,0,1,0,0,0,1.4302234517870693,0,0,1,0,"1"
30,1,0,1,0,1,0,0,0,0,0,0,0,0,2.0311053623559405,0,0,1,0,"1"
35,1,0,0,0,1,0,1,0,0,0,0,0,0,2.7103959691861146,0,0,0,0,"1"
29.881137667304014,1,0,0,0,1,0,0,0,0,0,0,0,0,1.458196532741108,0,0,0,0,"0"
42,1,0,0,1,0,0,0,0,0,0,0,0,0,1.4401216031878037,0,0,0,0,"0"
55,1,0,1,0,1,0,0,0,0,0,0,0,0,1.458196532741108,0,0,1,0,"1"
16,1,0,1,1,0,0,0,0,0,1,0,0,0,1.606381365110605,0,0,1,0,"1"
51,1,0,1,1,0,0,0,0,0,1,0,0,0,1.606381365110605,0,0,1,0,"1"
29,1,0,0,1,0,0,0,0,0,1,0,0,0,1.4913616938342726,0,0,0,0,"0"
21,1,0,1,1,0,0,0,0,0,1,0,0,0,1.8973977892491292,0,0,1,0,"1"
30,1,0,0,1,0,0,0,0,0,0,0,0,0,1.6674529528899538,0,0,0,0,"0"
58,1,0,1,0,1,0,1,0,0,0,0,0,0,2.168853258879317,0,0,1,0,"1"
15,1,0,1,1,0,0,1,0,0,0,0,0,0,2.3270266997942755,0,0,1,0,"1"
30,1,0,0,1,0,0,0,1,0,0,0,0,0,1.4313637641589871,0,0,0,0,"0"
16,1,0,1,1,0,0,1,0,0,0,0,0,0,1.9420080530223132,0,0,1,0,"1"
29.881137667304014,1,0,0,0,1,0,0,1,0,0,0,0,0,1.4871383754771863,0,0,0,0,"1"
19,1,0,0,1,0,0,0,0,0,1,0,0,0,1.7331972651065692,0.30102999566398114,0,0,0,"0"
18,1,0,1,1,0,0,0,0,0,1,0,0,0,1.7331972651065692,0.30102999566398114,0,1,0,"1"
24,1,0,1,0,1,0,0,1,0,0,0,0,0,1.7033274961578129,0,0,1,0,"1"
46,1,0,0,0,1,0,0,1,0,0,0,0,0,1.8821925714233974,0,0,0,0,"0"
54,1,0,0,1,0,0,0,0,1,0,0,0,0,1.7231476981549567,0,0,0,0,"0"
36,1,0,0,1,0,0,0,0,1,0,0,0,0,1.4359637487171955,0,0,0,0,"1"
28,1,0,0,0,1,0,0,0,0,0,0,0,0,1.9199708788780552,0.30102999566398114,0,0,0,"0"
29.881137667304014,1,0,1,0,1,0,0,0,0,0,0,0,0,1.9199708788780552,0.30102999566398114,0,1,0,"1"
65,1,0,0,1,0,0,0,0,1,0,0,0,0,1.4401216031878037,0,0,0,0,"0"
44,1,0,0,0,0,1,0,1,0,0,0,0,0,1.9590413923210932,0.47712125471966244,0,0,0,"0"
33,1,0,1,0,0,1,0,1,0,0,0,0,0,1.9590413923210932,0.30102999566398114,0,1,0,"1"
37,1,0,1,0,0,1,0,1,0,0,0,0,0,1.9590413923210932,0.30102999566398114,0,1,0,"1"
30,1,0,0,0,1,0,0,1,0,0,0,0,0,1.7690078709437735,0.30102999566398114,0,0,0,"1"
55,1,0,0,1,0,0,0,1,0,0,0,0,0,1.4983105537896002,0,0,0,0,"0"
47,1,0,0,1,0,0,0,0,0,0,0,0,0,1.6374897295125106,0,0,0,0,"0"
37,1,0,0,0,1,0,0,1,0,0,0,0,0,1.4871383754771863,0,0,0,0,"0"
31,1,0,1,0,1,0,0,0,0,1,0,0,0,2.0579512299613683,0.30102999566398114,0,1,0,"1"
23,1,0,1,0,1,0,0,0,0,1,0,0,0,2.0579512299613683,0.30102999566398114,0,1,0,"1"
58,1,0,0,0,1,0,0,0,0,1,0,0,0,2.0579512299613683,0,0,0,0,"0"
19,1,0,1,1,0,0,0,0,0,1,0,0,0,1.4358968984299503,0,0,1,0,"1"
64,1,0,0,1,0,0,0,0,0,0,0,0,0,1.4313637641589871,0,0,0,0,"0"
39,1,0,1,0,1,0,0,1,0,0,0,0,0,2.0409976924234905,0,0,1,0,"1"
29.881137667304014,1,0,0,0,1,0,0,0,0,0,0,0,0,1.4271890123931097,0,0,0,0,"1"
22,1,0,1,0,1,0,1,0,0,0,0,0,0,1.7991971396636213,0,0,1,0,"1"
65,1,0,0,0,1,0,1,0,0,0,0,0,0,1.7991971396636213,0,0,0,0,"0"
28.5,1,0,0,0,1,0,0,0,0,1,0,0,0,1.458196532741108,0,0,0,0,"0"
29.881137667304014,1,0,0,1,0,0,0,0,0,0,0,0,0,0,0,0,0,0,"0"
45.5,1,0,0,1,0,0,0,1,0,0,0,0,0,1.469822015978163,0,0,0,0,"0"
23,1,0,0,1,0,0,1,0,0,0,0,0,0,1.9754318085092628,0,0,0,0,"0"
29,1,0,0,1,0,0,0,1,0,0,0,0,0,1.8299466959416357,0.30102999566398114,0,0,0,"0"
22,1,0,1,1,0,0,0,1,0,0,0,0,0,1.8299466959416357,0.30102999566398114,0,1,0,"1"
18,1,0,0,0,1,0,0,1,0,0,0,0,0,2.0409976924234905,0.30102999566398114,0,0,0,"0"
17,1,0,1,0,1,0,0,1,0,0,0,0,0,2.0409976924234905,0.30102999566398114,0,1,0,"1"
30,1,0,1,1,0,0,1,0,0,0,0,0,0,1.9754318085092628,0,0,1,0,"1"
52,1,0,0,1,0,0,0,1,0,0,0,0,0,1.4983105537896002,0,0,0,0,"1"
47,1,0,0,1,0,0,0,1,0,0,0,0,0,1.724275869600789,0,0,0,0,"0"
56,1,0,1,0,1,0,0,1,0,0,0,0,0,1.9250969541376577,0,0,1,0,"1"
38,1,0,0,1,0,0,0,0,0,0,0,0,0,0,0,0,0,0,"0"
29.881137667304014,1,0,0,1,0,0,0,0,0,0,0,0,0,1.608526033577194,0,0,0,0,"1"
22,1,0,0,0,1,0,0,0,0,0,0,0,0,2.135556557645501,0,0,0,0,"0"
29.881137667304014,1,0,0,0,1,0,0,0,0,0,0,0,0,2.3589337176143736,0,0,0,0,"0"
43,1,0,1,1,0,0,1,0,0,0,0,0,0,2.3270266997942755,0,0,1,0,"1"
31,1,0,0,1,0,0,0,0,0,0,1,0,0,1.7117718094061183,0,0,0,0,"0"
45,1,0,0,1,0,0,0,0,0,0,0,0,0,1.4401216031878037,0,0,0,0,"1"
29.881137667304014,1,0,0,1,0,0,0,0,0,0,1,0,0,1.7075701760979363,0,0,0,0,"0"
33,1,0,1,0,1,0,0,0,0,0,1,0,0,1.458196532741108,0,0,1,0,"1"
46,1,0,0,0,1,0,0,0,0,0,0,0,0,1.9041743682841634,0,0,0,0,"0"
36,1,0,0,0,1,0,0,0,0,0,1,0,0,1.6141059109580307,0,0,0,0,"0"
33,1,0,1,1,0,0,1,0,0,0,0,0,0,1.9420080530223132,0,0,1,0,"1"
55,1,0,0,0,1,0,0,0,0,0,0,0,0,1.7810369386211315,0.30102999566398114,0,0,0,"0"
54,1,0,1,0,1,0,0,0,0,0,0,0,0,1.7810369386211315,0.30102999566398114,0,1,0,"1"
33,1,0,0,1,0,0,0,0,0,0,0,0,0,1.4401216031878037,0,0,0,0,"0"
13,1,0,0,0,1,0,1,0,0,0,0,0,0,2.4205745486161567,0.47712125471966244,0.47712125471966244,0,0,"1"
18,1,0,1,0,1,0,1,0,0,0,0,0,0,2.4205745486161567,0.47712125471966244,0.47712125471966244,1,0,"1"
21,1,0,1,0,1,0,1,0,0,0,0,0,0,2.4205745486161567,0.47712125471966244,0.47712125471966244,1,0,"1"
61,1,0,0,0,1,0,1,0,0,0,0,0,0,2.4205745486161567,0.30102999566398114,0.30102999566398114,0,0,"0"
48,1,0,1,0,1,0,1,0,0,0,0,0,0,2.4205745486161567,0.30102999566398114,0.30102999566398114,1,0,"1"
29.881137667304014,1,0,0,1,0,0,0,1,0,0,0,0,0,1.4983105537896002,0,0,0,0,"1"
24,1,0,1,0,1,0,1,0,0,0,0,0,0,1.8469553250198238,0,0,1,0,"1"
29.881137667304014,1,0,0,1,0,0,0,0,0,0,0,0,0,1.4313637641589871,0,0,0,0,"1"
35,1,0,1,0,1,0,0,1,0,0,0,0,0,1.7690078709437735,0.30102999566398114,0,1,0,"1"
30,1,0,1,0,1,0,0,0,0,0,0,0,0,1.5051499783199058,0,0,1,0,"1"
34,1,0,0,1,0,0,0,0,0,0,0,0,0,1.4401216031878037,0,0,0,0,"1"
40,1,0,1,1,0,0,0,1,0,0,0,0,0,2.188823059684136,0,0,1,0,"1"
35,1,0,0,1,0,0,0,0,1,0,0,0,0,1.4359637487171955,0,0,0,0,"1"
50,1,0,0,1,0,0,0,0,1,0,0,0,0,1.755112266395071,0.30102999566398114,0,0,0,"0"
39,1,0,1,1,0,0,0,0,1,0,0,0,0,1.755112266395071,0.30102999566398114,0,1,0,"1"
56,1,0,0,0,1,0,0,0,0,0,1,0,0,1.5622928644564746,0,0,0,0,"1"
28,1,0,0,1,0,0,0,0,0,0,1,0,0,1.5622928644564746,0,0,0,0,"1"
56,1,0,0,1,0,0,0,0,0,0,0,0,0,1.4401216031878037,0,0,0,0,"0"
56,1,0,0,0,1,0,0,0,0,0,1,0,0,1.5010017178117603,0,0,0,0,"0"
24,1,0,0,1,0,0,0,1,0,0,0,0,0,1.785329835010767,0.30102999566398114,0,0,0,"0"
29.881137667304014,1,0,0,1,0,0,0,0,0,0,1,0,0,1.4313637641589871,0,0,0,0,"0"
18,1,0,1,1,0,0,0,1,0,0,0,0,0,1.785329835010767,0.30102999566398114,0,1,0,"1"
24,1,0,0,1,0,0,1,0,0,0,0,0,0,1.9204713531752977,0.30102999566398114,0,0,0,"1"
23,1,0,1,1,0,0,1,0,0,0,0,0,0,1.9204713531752977,0.30102999566398114,0,1,0,"1"
6,1,0,0,0,1,0,0,0,1,0,0,0,0,2.131939295210424,0,0,0,0,"1"
45,1,0,0,0,1,0,0,0,1,0,0,0,0,2.131939295210424,0.30102999566398114,0.30102999566398114,0,0,"1"
40,1,0,1,0,1,0,0,0,1,0,0,0,0,2.131939295210424,0.30102999566398114,0.30102999566398114,1,0,"1"
57,1,0,0,0,1,0,1,0,0,0,0,0,0,2.168853258879317,0.30102999566398114,0,0,0,"0"
29.881137667304014,1,0,1,0,1,0,1,0,0,0,0,0,0,2.168853258879317,0.30102999566398114,0,1,0,"1"
32,1,0,0,0,1,0,1,0,0,0,0,0,0,1.4983105537896002,0,0,0,0,"1"
62,1,0,0,1,0,0,0,1,0,0,0,0,0,1.4401216031878037,0,0,0,0,"0"
54,1,0,0,0,1,0,0,1,0,0,0,0,0,1.751600086044402,0.30102999566398114,0,0,0,"1"
43,1,0,1,0,1,0,0,1,0,0,0,0,0,1.751600086044402,0.30102999566398114,0,1,0,"1"
52,1,0,1,0,1,0,0,0,0,1,0,0,0,1.8990907781931157,0.30102999566398114,0,1,0,"1"
29.881137667304014,1,0,0,0,1,0,0,0,0,0,0,0,0,1.458196532741108,0,0,0,0,"0"
62,1,0,1,0,0,0,1,0,0,0,0,0,0,1.9084850188786497,0,0,1,0,"1"
67,1,0,0,1,0,0,0,1,0,0,0,0,0,2.347874640061327,0.30102999566398114,0,0,0,"0"
63,1,0,1,1,0,0,0,1,0,0,0,0,0,2.347874640061327,0.30102999566398114,0,1,0,"0"
61,1,0,0,1,0,0,0,0,0,1,0,0,0,1.522715419848036,0,0,0,0,"0"
48,1,0,1,1,0,0,0,0,0,1,0,0,0,1.4302234517870693,0,0,1,0,"1"
18,1,0,1,1,0,0,0,0,1,0,0,0,0,1.90660437172498,0,0,1,0,"1"
52,1,0,0,1,0,0,0,0,1,0,0,0,0,1.90660437172498,0.30102999566398114,0.30102999566398114,0,0,"0"
39,1,0,1,1,0,0,0,0,1,0,0,0,0,1.90660437172498,0.30102999566398114,0.30102999566398114,1,0,"1"
48,1,0,0,1,0,0,0,1,0,0,0,0,0,1.724275869600789,0.30102999566398114,0,0,0,"1"
29.881137667304014,1,0,1,1,0,0,0,1,0,0,0,0,0,1.724275869600789,0.30102999566398114,0,1,0,"1"
49,1,0,0,0,1,0,0,1,0,0,0,0,0,2.048765267412167,0.30102999566398114,0.30102999566398114,0,0,"0"
17,1,0,0,0,1,0,0,1,0,0,0,0,0,2.048765267412167,0,0,0,0,"1"
39,1,0,1,0,1,0,0,1,0,0,0,0,0,2.048765267412167,0.30102999566398114,0.30102999566398114,1,0,"1"
29.881137667304014,1,0,1,0,1,0,0,0,0,0,0,0,0,1.9041743682841634,0,0,1,0,"1"
31,1,0,0,0,1,0,0,1,0,0,0,0,0,1.4703737346404253,0,0,0,0,"1"
40,1,0,0,0,1,0,0,0,0,0,0,0,0,1.458196532741108,0,0,0,0,"0"
61,1,0,0,1,0,0,1,0,0,0,0,0,0,1.537819095073274,0,0,0,0,"0"
47,1,0,0,1,0,0,0,0,0,1,0,0,0,1.544326062695947,0,0,0,0,"0"
35,1,0,1,0,1,0,0,0,0,0,0,0,0,2.7103959691861146,0,0,1,0,"1"
64,1,0,0,0,1,0,0,0,0,1,0,0,0,1.8822398480188234,0.30102999566398114,0,0,0,"0"
60,1,0,1,0,1,0,0,0,0,1,0,0,0,1.8822398480188234,0.30102999566398114,0,1,0,"1"
60,1,0,0,1,0,0,0,0,0,0,0,0,0,1.4401216031878037,0,0,0,0,"0"
54,1,0,0,1,0,0,0,0,0,1,0,0,0,1.8936924247093638,0,0,0,0,"0"
21,1,0,0,1,0,0,0,0,0,1,0,0,0,1.8936924247093638,0,0,0,0,"0"
55,1,0,1,0,1,0,0,1,0,0,0,0,0,2.135556557645501,0,0,1,0,"1"
31,1,0,1,1,0,0,0,1,0,0,0,0,0,2.219759204240921,0,0,1,0,"1"
57,1,0,0,1,0,0,0,0,0,0,0,0,0,2.219759204240921,0.30102999566398114,0.30102999566398114,0,0,"0"
45,1,0,1,1,0,0,0,0,0,0,0,0,0,2.219759204240921,0.30102999566398114,0.30102999566398114,1,0,"1"
50,1,0,0,0,1,0,0,1,0,0,0,0,0,2.3273589343863303,0.30102999566398114,0.30102999566398114,0,0,"0"
27,1,0,0,0,1,0,0,1,0,0,0,0,0,2.3273589343863303,0,0,0,0,"0"
50,1,0,1,0,1,0,0,1,0,0,0,0,0,2.3273589343863303,0.30102999566398114,0.30102999566398114,1,0,"1"
21,1,0,1,1,0,0,0,0,0,0,0,0,0,1.4401216031878037,0,0,1,0,"1"
51,1,0,0,0,1,0,0,0,0,0,0,0,0,1.7950398007222885,0,0,0,0,"0"
21,1,0,0,0,1,0,0,0,0,0,0,0,0,1.7950398007222885,0,0,0,0,"1"
29.881137667304014,1,0,0,1,0,0,0,1,0,0,0,0,0,1.556302500767287,0,0,0,0,"0"
31,1,0,1,0,1,0,0,0,1,0,0,0,0,2.131939295210424,0,0,1,0,"1"
29.881137667304014,1,0,0,1,0,0,0,1,0,0,0,0,0,1.5622928644564746,0,0,0,0,"1"
62,1,0,0,1,0,0,0,0,0,0,0,0,0,1.4401216031878037,0,0,0,0,"0"
36,1,0,1,0,1,0,0,1,0,0,0,0,0,2.135556557645501,0,0,1,0,"1"
30,0,1,0,0,1,0,0,0,0,0,0,0,0,1.3979400086720375,0.30102999566398114,0,0,0,"0"
28,0,1,1,0,1,0,0,0,0,0,0,0,0,1.3979400086720375,0.30102999566398114,0,0,1,"1"
30,0,1,0,1,0,0,0,0,0,0,0,0,0,1.1461280356782377,0,0,0,0,"0"
18,0,1,0,1,0,0,0,0,0,0,0,0,0,1.0969100130080565,0,0,0,0,"0"
25,0,1,0,1,0,0,0,0,0,0,0,0,0,1.0606978403536116,0,0,0,0,"0"
34,0,1,0,1,0,0,0,0,0,0,0,0,0,1.4313637641589871,0.30102999566398114,0,0,0,"0"
36,0,1,1,1,0,0,0,0,0,0,0,0,0,1.4313637641589871,0.30102999566398114,0,0,1,"1"
57,0,1,0,1,0,0,0,0,0,0,0,0,0,1.1461280356782377,0,0,0,0,"0"
18,0,1,0,1,0,0,0,0,0,0,0,0,0,1.0969100130080565,0,0,0,0,"0"
23,0,1,0,1,0,0,0,0,0,0,0,0,0,1.0606978403536116,0,0,0,0,"0"
36,0,1,1,1,0,0,0,0,0,1,0,0,0,1.1461280356782377,0,0,0,1,"1"
28,0,1,0,1,0,0,0,0,0,0,0,0,0,1.0606978403536116,0,0,0,0,"0"
51,0,1,0,1,0,0,0,0,0,0,0,0,0,1.131137273778607,0,0,0,0,"0"
32,0,1,0,1,0,0,0,0,0,0,0,0,0,1.4313637641589871,0.30102999566398114,0,0,0,"1"
19,0,1,1,1,0,0,0,0,0,0,0,0,0,1.4313637641589871,0.30102999566398114,0,0,1,"1"
28,0,1,0,1,0,0,0,0,0,0,0,0,0,1.4313637641589871,0,0,0,0,"0"
1,0,1,0,1,0,0,0,0,0,0,0,1,0,1.6020599913279623,0.47712125471966244,0.47712125471966244,0,0,"1"
4,0,1,1,1,0,0,0,0,0,0,0,1,0,1.6020599913279623,0.47712125471966244,0.47712125471966244,0,1,"1"
12,0,1,1,1,0,0,0,0,0,0,0,1,0,1.6020599913279623,0.47712125471966244,0.47712125471966244,0,1,"1"
36,0,1,1,1,0,0,0,0,0,0,0,1,0,1.6020599913279623,0,0,0,1,"1"
34,0,1,0,1,0,0,0,0,0,1,0,0,0,1.1461280356782377,0,0,0,0,"1"
19,0,1,1,1,0,0,0,0,0,0,0,0,0,1.1461280356782377,0,0,0,1,"1"
23,0,1,0,1,0,0,0,0,0,0,0,0,0,1.1461280356782377,0,0,0,0,"0"
26,0,1,0,1,0,0,0,0,0,0,0,0,0,1.1461280356782377,0,0,0,0,"0"
42,0,1,0,1,0,0,0,0,0,0,0,0,0,1.1461280356782377,0,0,0,0,"0"
27,0,1,0,1,0,0,0,0,0,0,0,0,0,1.1461280356782377,0,0,0,0,"0"
24,0,1,1,1,0,0,0,0,0,0,0,1,0,1.1461280356782377,0,0,0,1,"1"
15,0,1,1,1,0,0,0,0,0,0,0,0,0,1.6020599913279623,0,0,0,1,"1"
60,0,1,0,1,0,0,0,0,0,0,0,0,0,1.6020599913279623,0.30102999566398114,0.30102999566398114,0,0,"0"
40,0,1,1,1,0,0,0,0,0,0,0,0,0,1.6020599913279623,0.30102999566398114,0.30102999566398114,0,1,"1"
20,0,1,1,1,0,0,0,0,0,0,0,0,0,1.4313637641589871,0.30102999566398114,0,0,1,"1"
25,0,1,0,1,0,0,0,0,0,0,0,0,0,1.4313637641589871,0.30102999566398114,0,0,0,"0"
36,0,1,1,1,0,0,0,0,0,0,0,0,0,1.1461280356782377,0,0,0,1,"1"
25,0,1,0,1,0,0,0,0,0,0,0,0,0,1.1461280356782377,0,0,0,0,"0"
42,0,1,0,1,0,0,0,0,0,0,0,0,0,1.1461280356782377,0,0,0,0,"0"
42,0,1,1,1,0,0,0,0,0,0,0,0,0,1.1461280356782377,0,0,0,1,"1"
0.83,0,1,0,1,0,0,0,0,0,0,0,0,0,1.4771212547196624,0,0,0,0,"1"
26,0,1,0,1,0,0,0,0,0,0,0,0,0,1.4771212547196624,0.30102999566398114,0.30102999566398114,0,0,"1"
22,0,1,1,1,0,0,0,0,0,0,0,0,0,1.4771212547196624,0.30102999566398114,0.30102999566398114,0,1,"1"
35,0,1,1,1,0,0,0,0,0,0,0,0,0,1.3424226808222062,0,0,0,1,"1"
29.881137667304014,0,1,0,1,0,0,0,0,0,0,0,0,0,0,0,0,0,0,"0"
19,0,1,0,1,0,0,0,0,0,0,0,0,0,1.1461280356782377,0,0,0,0,"0"
44,0,1,1,1,0,0,0,0,0,0,0,0,0,1.4313637641589871,0.30102999566398114,0,0,1,"0"
54,0,1,0,1,0,0,0,0,0,0,0,0,0,1.4313637641589871,0.30102999566398114,0,0,0,"0"
52,0,1,0,1,0,0,0,0,0,0,0,0,0,1.1613680022349748,0,0,0,0,"0"
37,0,1,0,1,0,0,0,0,0,0,0,0,0,1.4313637641589871,0.30102999566398114,0,0,0,"0"
29,0,1,1,1,0,0,0,0,0,0,0,0,0,1.4313637641589871,0.30102999566398114,0,0,1,"0"
25,0,1,1,1,0,0,0,0,0,0,0,0,0,1.4913616938342726,0.30102999566398114,0.30102999566398114,0,1,"1"
45,0,1,1,1,0,0,0,0,0,0,0,0,0,1.4913616938342726,0,0,0,1,"1"
29,0,1,0,1,0,0,0,0,0,0,0,0,0,1.4313637641589871,0.30102999566398114,0,0,0,"0"
28,0,1,1,1,0,0,0,0,0,0,0,0,0,1.4313637641589871,0.30102999566398114,0,0,1,"1"
29,0,1,0,1,0,0,0,0,0,0,0,0,0,1.0606978403536116,0,0,0,0,"0"
28,0,1,0,1,0,0,0,0,0,0,0,0,0,1.1461280356782377,0,0,0,0,"0"
24,0,1,0,1,0,0,0,0,0,0,0,0,0,1.0606978403536116,0,0,0,0,"1"
8,0,1,1,1,0,0,0,0,0,0,0,0,0,1.435366506612661,0,0,0,1,"1"
31,0,1,0,1,0,0,0,0,0,0,0,0,0,1.435366506612661,0.30102999566398114,0.30102999566398114,0,0,"0"
31,0,1,1,1,0,0,0,0,0,0,0,0,0,1.435366506612661,0.30102999566398114,0.30102999566398114,0,1,"1"
22,0,1,1,1,0,0,0,0,0,0,0,1,0,1.0606978403536116,0,0,0,1,"1"
30,0,1,1,1,0,0,0,0,0,0,0,0,0,1.1461280356782377,0,0,0,1,"0"
29.881137667304014,0,1,1,1,0,0,0,0,0,0,0,0,0,1.3424226808222062,0,0,0,1,"0"
21,0,1,0,1,0,0,0,0,0,0,0,0,0,1.0969100130080565,0,0,0,0,"0"
29.881137667304014,0,1,0,1,0,0,0,0,0,0,0,0,0,0,0,0,0,0,"0"
8,0,1,0,1,0,0,0,0,0,0,0,0,0,1.5769169559652068,0.30102999566398114,0.30102999566398114,0,0,"1"
18,0,1,0,1,0,0,0,0,0,0,0,0,0,1.8721562727482925,0,0,0,0,"0"
48,0,1,1,1,0,0,0,0,0,0,0,0,0,1.5769169559652068,0,0,0,1,"1"
28,0,1,1,1,0,0,0,0,0,0,0,0,0,1.1461280356782377,0,0,0,1,"1"
32,0,1,0,1,0,0,0,0,0,0,0,0,0,1.1461280356782377,0,0,0,0,"0"
17,0,1,0,1,0,0,0,0,0,0,0,0,0,1.8721562727482925,0,0,0,0,"0"
29,0,1,0,0,1,0,0,0,0,0,0,0,0,1.458196532741108,0.30102999566398114,0,0,0,"0"
24,0,1,1,0,1,0,0,0,0,0,0,0,0,1.458196532741108,0.30102999566398114,0,0,1,"1"
25,0,1,0,1,0,0,0,0,0,0,0,0,0,1.5118833609788742,0,0,0,0,"0"
18,0,1,0,1,0,0,0,0,0,0,0,0,0,1.8721562727482925,0,0,0,0,"0"
18,0,1,1,1,0,0,0,0,0,0,0,0,0,1.380211241711606,0,0,0,1,"1"
34,0,1,1,1,0,0,0,0,0,0,0,0,0,1.380211241711606,0,0,0,1,"1"
54,0,1,0,1,0,0,0,0,0,0,0,0,0,1.4313637641589871,0,0,0,0,"0"
8,0,1,0,1,0,0,0,0,0,0,0,0,0,1.5250448070368452,0,0,0,0,"1"
42,0,1,0,1,0,0,0,0,0,0,0,0,0,1.5250448070368452,0.30102999566398114,0.30102999566398114,0,0,"0"
34,0,1,1,1,0,0,0,0,0,0,0,0,0,1.5250448070368452,0.30102999566398114,0.30102999566398114,0,1,"1"
27,0,1,1,0,1,0,0,0,0,0,0,0,0,1.1719691228260605,0.30102999566398114,0,0,1,"1"
30,0,1,1,0,1,0,0,0,0,0,0,0,0,1.1719691228260605,0.30102999566398114,0,0,1,"1"
23,0,1,0,1,0,0,0,0,0,0,0,0,0,1.1461280356782377,0,0,0,0,"0"
21,0,1,0,1,0,0,0,0,0,0,0,0,0,1.1461280356782377,0,0,0,0,"0"
18,0,1,0,1,0,0,0,0,0,0,0,0,0,1.1461280356782377,0,0,0,0,"0"
40,0,1,0,1,0,0,0,0,0,0,0,0,0,1.4313637641589871,0.30102999566398114,0,0,0,"0"
29,0,1,1,1,0,0,0,0,0,0,0,0,0,1.4313637641589871,0.30102999566398114,0,0,1,"1"
18,0,1,0,1,0,0,0,0,0,0,0,0,0,1.0606978403536116,0,0,0,0,"0"
36,0,1,0,1,0,0,0,0,0,0,0,0,0,1.1461280356782377,0,0,0,0,"0"
29.881137667304014,0,1,0,1,0,0,0,0,0,0,0,0,0,0,0,0,0,0,"0"
38,0,1,1,1,0,0,0,0,0,0,0,0,0,1.1461280356782377,0,0,0,1,"0"
35,0,1,0,1,0,0,0,0,0,0,0,0,0,1.4313637641589871,0,0,0,0,"0"
38,0,1,0,1,0,0,0,0,0,0,0,0,0,1.3424226808222062,0.30102999566398114,0,0,0,"0"
34,0,1,0,1,0,0,0,0,0,0,0,0,0,1.3424226808222062,0.30102999566398114,0,0,0,"0"
34,0,1,1,1,0,0,0,0,0,0,0,0,0,1.1461280356782377,0,0,0,1,"1"
16,0,1,0,1,0,0,0,0,0,0,0,0,0,1.4313637641589871,0,0,0,0,"0"
26,0,1,0,1,0,0,0,0,0,0,0,0,0,1.0606978403536116,0,0,0,0,"0"
47,0,1,0,1,0,0,0,0,0,0,0,0,0,1.0606978403536116,0,0,0,0,"0"
21,0,1,0,1,0,0,0,0,0,0,0,0,0,1.0969100130080565,0.30102999566398114,0,0,0,"0"
21,0,1,0,1,0,0,0,0,0,0,0,0,0,1.0969100130080565,0.30102999566398114,0,0,0,"0"
24,0,1,0,1,0,0,0,0,0,0,0,0,0,1.1613680022349748,0,0,0,0,"0"
24,0,1,0,1,0,0,0,0,0,0,0,0,0,1.1461280356782377,0,0,0,0,"0"
34,0,1,0,1,0,0,0,0,0,0,0,0,0,1.1461280356782377,0,0,0,0,"0"
30,0,1,0,1,0,0,0,0,0,0,0,0,0,1.1461280356782377,0,0,0,0,"0"
52,0,1,0,1,0,0,0,0,0,0,0,0,0,1.1461280356782377,0,0,0,0,"0"
30,0,1,0,1,0,0,0,0,0,0,0,0,0,1.1461280356782377,0,0,0,0,"0"
0.67,0,1,0,1,0,0,0,0,0,0,0,0,0,1.1903316981702914,0.30102999566398114,0.30102999566398114,0,0,"1"
24,0,1,1,1,0,0,0,0,0,0,0,0,0,1.1903316981702914,0,0,0,1,"1"
44,0,1,0,1,0,0,0,0,0,0,0,0,0,1.1461280356782377,0,0,0,0,"0"
6,0,1,1,1,0,0,0,0,0,0,0,0,0,1.5314789170422551,0,0,0,1,"1"
28,0,1,0,1,0,0,0,0,0,0,0,0,0,1.5314789170422551,0,0,0,0,"0"
62,0,1,0,1,0,0,0,0,0,0,0,0,0,1.0606978403536116,0,0,0,0,"1"
30,0,1,0,1,0,0,0,0,0,0,0,0,0,1.0606978403536116,0,0,0,0,"0"
7,0,1,1,1,0,0,0,0,0,0,0,0,0,1.435366506612661,0,0,0,1,"1"
43,0,1,0,1,0,0,0,0,0,0,0,0,0,1.435366506612661,0.30102999566398114,0.30102999566398114,0,0,"0"
45,0,1,1,1,0,0,0,0,0,0,0,0,0,1.435366506612661,0.30102999566398114,0.30102999566398114,0,1,"1"
24,0,1,1,1,0,0,0,0,0,0,0,0,0,1.8195439355418683,0.30102999566398114,0.30102999566398114,0,1,"1"
24,0,1,1,1,0,0,0,0,0,0,0,0,0,1.8195439355418683,0.30102999566398114,0.30102999566398114,0,1,"1"
49,0,1,0,1,0,0,0,0,0,0,0,0,0,1.8195439355418683,0.30102999566398114,0.30102999566398114,0,0,"0"
48,0,1,1,1,0,0,0,0,0,0,0,0,0,1.8195439355418683,0.30102999566398114,0.30102999566398114,0,1,"1"
55,0,1,1,1,0,0,0,0,0,0,0,0,0,1.2304489213782739,0,0,0,1,"1"
24,0,1,0,1,0,0,0,0,0,0,0,0,0,1.8721562727482925,0.47712125471966244,0,0,0,"0"
32,0,1,0,1,0,0,0,0,0,0,0,0,0,1.8721562727482925,0.47712125471966244,0,0,0,"0"
21,0,1,0,1,0,0,0,0,0,0,0,0,0,1.8721562727482925,0.47712125471966244,0,0,0,"0"
18,0,1,1,1,0,0,0,0,0,0,0,0,0,1.1461280356782377,0.30102999566398114,0.30102999566398114,0,1,"0"
20,0,1,1,1,0,0,0,0,0,0,0,0,0,1.380211241711606,0.47712125471966244,0.47712125471966244,0,1,"1"
23,0,1,0,1,0,0,0,0,0,0,0,0,0,1.0969100130080565,0.47712125471966244,0.47712125471966244,0,0,"0"
36,0,1,0,1,0,0,0,0,0,0,0,0,0,1.1461280356782377,0,0,0,0,"0"
54,0,1,1,1,0,0,0,0,0,0,0,0,0,1.380211241711606,0.30102999566398114,0.30102999566398114,0,1,"1"
50,0,1,0,1,0,0,0,0,0,0,0,0,0,1.1461280356782377,0,0,0,0,"0"
44,0,1,0,1,0,0,0,0,0,0,0,0,0,1.4313637641589871,0.30102999566398114,0,0,0,"0"
29,0,1,1,1,0,0,0,0,0,0,0,0,0,1.4313637641589871,0.30102999566398114,0,0,1,"1"
21,0,1,0,1,0,0,0,0,0,0,0,0,0,1.8721562727482925,0,0,0,0,"0"
42,0,1,0,1,0,0,0,0,0,0,0,0,0,1.1461280356782377,0,0,0,0,"1"
63,0,1,0,1,0,0,0,0,0,0,0,0,0,1.4313637641589871,0.30102999566398114,0,0,0,"0"
60,0,1,1,1,0,0,0,0,0,0,0,0,0,1.4313637641589871,0.30102999566398114,0,0,1,"0"
33,0,1,0,1,0,0,0,0,0,0,0,0,0,1.1230345297535065,0,0,0,0,"0"
17,0,1,1,1,0,0,0,0,0,0,0,0,0,1.0606978403536116,0,0,0,1,"1"
42,0,1,0,1,0,0,0,0,0,0,0,0,0,1.447158031342219,0.30102999566398114,0,0,0,"0"
24,0,1,1,1,0,0,0,0,0,0,0,0,0,1.447158031342219,0.47712125471966244,0.47712125471966244,0,1,"1"
47,0,1,0,1,0,0,0,0,0,0,0,0,0,1.2041199826559246,0,0,0,0,"0"
24,0,1,0,1,0,0,0,0,0,0,0,0,0,1.5118833609788742,0.47712125471966244,0,0,0,"0"
22,0,1,0,1,0,0,0,0,0,0,0,0,0,1.5118833609788742,0.47712125471966244,0,0,0,"0"
32,0,1,0,1,0,0,0,0,0,0,0,0,0,1.0606978403536116,0,0,0,0,"0"
23,0,1,1,0,1,0,0,0,0,1,0,0,0,1.1700180900341755,0,0,0,1,"1"
34,0,1,0,1,0,0,0,0,0,0,0,0,0,1.4313637641589871,0.30102999566398114,0,0,0,"0"
24,0,1,1,1,0,0,0,0,0,0,0,0,0,1.4313637641589871,0.30102999566398114,0,0,1,"1"
22,0,1,1,1,0,0,0,0,0,0,0,0,0,1.3424226808222062,0,0,0,1,"0"
29.881137667304014,0,1,1,0,0,1,0,0,1,0,0,0,0,1.125481265700594,0,0,0,1,"1"
35,0,1,0,0,0,1,0,0,0,0,0,0,0,1.125481265700594,0,0,0,0,"0"
45,0,1,1,1,0,0,0,0,0,0,0,0,0,1.1613680022349748,0,0,0,1,"1"
57,0,1,0,0,0,1,0,0,0,0,0,0,0,1.125481265700594,0,0,0,0,"0"
29.881137667304014,0,1,0,1,0,0,0,0,0,0,0,0,0,0,0,0,0,0,"0"
31,0,1,0,1,0,0,0,0,0,0,0,0,0,1.0606978403536116,0,0,0,0,"0"
26,0,1,1,1,0,0,0,0,0,0,0,0,0,1.4313637641589871,0.30102999566398114,0.30102999566398114,0,1,"0"
30,0,1,0,1,0,0,0,0,0,0,0,0,0,1.4313637641589871,0.30102999566398114,0.30102999566398114,0,0,"0"
29.881137667304014,0,1,0,0,0,1,0,0,0,0,0,0,0,1.0684938417661425,0,0,0,0,"0"
1,0,1,1,0,1,0,0,0,0,0,0,0,0,1.6291974974299361,0.30102999566398114,0.30102999566398114,0,1,"1"
3,0,1,1,0,1,0,0,0,0,0,0,0,0,1.6291974974299361,0.30102999566398114,0.30102999566398114,0,1,"1"
25,0,1,0,0,1,0,0,0,0,0,0,0,0,1.6291974974299361,0.30102999566398114,0.30102999566398114,0,0,"0"
22,0,1,1,0,1,0,0,0,0,0,0,0,0,1.6291974974299361,0.30102999566398114,0.30102999566398114,0,1,"1"
17,0,1,1,0,1,0,0,0,0,0,0,0,0,1.1139433523068367,0,0,0,1,"1"
29.881137667304014,0,1,1,1,0,0,0,0,0,0,0,0,0,1.5314789170422551,0,0,0,1,"1"
34,0,1,1,1,0,0,0,0,0,0,0,1,0,1.0606978403536116,0,0,0,1,"1"
36,0,1,0,0,1,0,0,0,0,1,0,0,0,1.1422329917947138,0,0,0,0,"0"
24,0,1,0,1,0,0,0,0,0,0,0,0,0,1.0606978403536116,0,0,0,0,"0"
61,0,1,0,0,0,1,0,0,0,0,0,0,0,1.125481265700594,0,0,0,0,"0"
50,0,1,0,1,0,0,0,0,0,0,0,0,0,1.4313637641589871,0.30102999566398114,0,0,0,"0"
42,0,1,1,1,0,0,0,0,0,0,0,0,0,1.4313637641589871,0.30102999566398114,0,0,1,"1"
57,0,1,1,1,0,0,0,0,1,0,0,0,0,1.0606978403536116,0,0,0,1,"0"
29.881137667304014,0,1,0,0,1,0,0,0,0,1,0,0,0,1.2053613747144323,0,0,0,0,"0"
1,0,1,0,0,1,0,0,0,0,0,0,0,0,1.5798315949333728,0,0,0,0,"1"
31,0,1,0,0,1,0,0,0,0,0,0,0,0,1.5798315949333728,0.30102999566398114,0.30102999566398114,0,0,"0"
24,0,1,1,0,1,0,0,0,0,0,0,0,0,1.5798315949333728,0.30102999566398114,0.30102999566398114,0,1,"1"
29.881137667304014,0,1,0,0,1,0,0,0,0,0,0,0,0,1.2195635706070271,0,0,0,0,"0"
30,0,1,0,1,0,0,0,0,0,0,0,0,0,1.1461280356782377,0,0,0,0,"0"
40,0,1,0,1,0,0,0,0,0,0,0,0,0,1.2304489213782739,0,0,0,0,"0"
32,0,1,0,1,0,0,0,0,0,0,0,0,0,1.1613680022349748,0,0,0,0,"0"
30,0,1,0,1,0,0,0,0,0,0,0,0,0,1.1461280356782377,0,0,0,0,"0"
46,0,1,0,1,0,0,0,0,0,0,0,0,0,1.4313637641589871,0,0,0,0,"0"
13,0,1,1,1,0,0,0,0,0,0,0,0,0,1.3117538610557542,0,0,0,1,"1"
41,0,1,1,1,0,0,0,0,0,0,0,0,0,1.3117538610557542,0,0,0,1,"1"
19,0,1,0,1,0,0,0,0,0,0,0,0,0,1.0606978403536116,0,0,0,0,"1"
39,0,1,0,1,0,0,0,0,0,0,0,0,0,1.1461280356782377,0,0,0,0,"0"
48,0,1,0,1,0,0,0,0,0,0,0,0,0,1.1461280356782377,0,0,0,0,"0"
70,0,1,0,1,0,0,0,0,0,0,0,0,0,1.0606978403536116,0,0,0,0,"0"
27,0,1,0,1,0,0,0,0,0,0,0,0,0,1.1461280356782377,0,0,0,0,"0"
54,0,1,0,1,0,0,0,0,0,0,0,0,0,1.1760912590556811,0,0,0,0,"0"
39,0,1,0,1,0,0,0,0,0,0,0,0,0,1.4313637641589871,0,0,0,0,"0"
16,0,1,0,1,0,0,0,0,0,0,0,0,0,1.0606978403536116,0,0,0,0,"0"
62,0,1,0,0,0,1,0,0,0,0,0,0,0,1.028876127736229,0,0,0,0,"0"
32.5,0,1,0,0,1,0,0,0,0,0,0,0,0,1.4923524354600808,0.30102999566398114,0,0,0,"0"
14,0,1,1,0,1,0,0,0,0,0,0,0,0,1.4923524354600808,0.30102999566398114,0,0,1,"1"
2,0,1,0,1,0,0,0,0,0,0,0,1,0,1.4313637641589871,0.30102999566398114,0.30102999566398114,0,0,"1"
3,0,1,0,1,0,0,0,0,0,0,0,1,0,1.4313637641589871,0.30102999566398114,0.30102999566398114,0,0,"1"
36.5,0,1,0,1,0,0,0,0,0,0,0,1,0,1.4313637641589871,0,0,0,0,"0"
26,0,1,0,1,0,0,0,0,0,0,0,1,0,1.1461280356782377,0,0,0,0,"0"
19,0,1,0,1,0,0,0,0,0,0,0,0,0,1.5769169559652068,0.30102999566398114,0.30102999566398114,0,0,"0"
28,0,1,0,1,0,0,0,0,0,0,0,0,0,1.1613680022349748,0,0,0,0,"0"
20,0,1,0,0,1,0,0,0,0,1,0,0,0,1.172091867626748,0,0,0,0,"1"
29,0,1,1,1,0,0,0,0,0,0,0,1,0,1.0606978403536116,0,0,0,1,"1"
39,0,1,0,1,0,0,0,0,0,0,0,0,0,1.1461280356782377,0,0,0,0,"0"
22,0,1,0,1,0,0,0,0,0,0,0,0,0,1.0606978403536116,0,0,0,0,"1"
29.881137667304014,0,1,0,0,1,0,0,0,0,0,0,0,0,1.172091867626748,0,0,0,0,"1"
23,0,1,0,1,0,0,0,0,0,0,0,0,0,1.0606978403536116,0,0,0,0,"0"
29,0,1,0,0,1,0,0,0,0,0,0,0,0,1.1719691228260605,0,0,0,0,"1"
28,0,1,0,1,0,0,0,0,0,0,0,0,0,1.0606978403536116,0,0,0,0,"0"
29.881137667304014,0,1,0,1,0,0,0,0,0,0,0,0,0,0,0,0,0,0,"0"
50,0,1,1,1,0,0,0,0,0,0,0,0,0,1.4313637641589871,0,0,0,1,"1"
19,0,1,0,1,0,0,0,0,0,0,0,0,0,1.0606978403536116,0,0,0,0,"0"
29.881137667304014,0,1,0,0,1,0,0,0,0,0,0,0,0,1.2054750367408908,0,0,0,0,"0"
41,0,1,0,1,0,0,0,0,0,0,0,0,0,1.1461280356782377,0,0,0,0,"0"
21,0,1,1,1,0,0,0,0,0,0,0,0,0,1.3424226808222062,0,0,0,1,"1"
19,0,1,1,1,0,0,0,0,0,0,0,0,0,1.4313637641589871,0,0,0,1,"1"
43,0,1,0,1,0,0,0,0,0,0,0,0,0,1.3424226808222062,0,0,0,0,"0"
32,0,1,1,1,0,0,0,0,0,0,0,0,0,1.1461280356782377,0,0,0,1,"1"
34,0,1,0,1,0,0,0,0,0,0,0,0,0,1.1461280356782377,0,0,0,0,"0"
30,0,1,0,0,1,0,0,0,0,0,0,0,0,1.137907705431547,0,0,0,0,"1"
27,0,1,0,0,1,0,0,0,0,0,0,0,0,1.2050229187541,0,0,0,0,"0"
2,0,1,1,1,0,0,0,0,0,0,0,0,0,1.4313637641589871,0.30102999566398114,0.30102999566398114,0,1,"1"
8,0,1,1,1,0,0,0,0,0,0,0,0,0,1.4313637641589871,0.30102999566398114,0.30102999566398114,0,1,"1"
33,0,1,1,1,0,0,0,0,0,0,0,0,0,1.4313637641589871,0,0,0,1,"1"
36,0,1,0,1,0,0,0,0,0,0,0,0,0,1.0606978403536116,0,0,0,0,"0"
34,0,1,0,1,0,0,0,0,0,0,0,0,0,1.3424226808222062,0.30102999566398114,0,0,0,"0"
30,0,1,1,1,0,0,0,0,0,0,0,0,0,1.3424226808222062,0.6020599913279623,0,0,1,"1"
28,0,1,1,1,0,0,0,0,0,0,0,0,0,1.1461280356782377,0,0,0,1,"1"
23,0,1,0,0,1,0,0,0,0,0,0,0,0,1.2053613747144323,0,0,0,0,"0"
0.83,0,1,0,1,0,0,0,0,0,0,0,0,0,1.2955670999624789,0.30102999566398114,0.30102999566398114,0,0,"1"
3,0,1,0,1,0,0,0,0,0,0,0,0,0,1.2955670999624789,0.30102999566398114,0.30102999566398114,0,0,"1"
24,0,1,1,1,0,0,0,0,0,0,0,0,0,1.2955670999624789,0.47712125471966244,0.47712125471966244,0,1,"1"
50,0,1,1,1,0,0,0,0,0,0,0,0,0,1.0606978403536116,0,0,0,1,"1"
19,0,1,0,1,0,0,0,0,0,0,0,0,0,1.0606978403536116,0,0,0,0,"0"
21,0,1,1,1,0,0,0,0,0,0,0,0,0,1.0606978403536116,0,0,0,1,"1"
26,0,1,0,1,0,0,0,0,0,0,0,0,0,1.1461280356782377,0,0,0,0,"0"
25,0,1,0,1,0,0,0,0,0,0,0,0,0,1.1461280356782377,0,0,0,0,"0"
27,0,1,0,1,0,0,0,0,0,0,0,0,0,1.4313637641589871,0,0,0,0,"0"
25,0,1,1,1,0,0,0,0,0,0,0,0,0,1.4313637641589871,0,0,0,1,"1"
18,0,1,1,1,0,0,0,0,0,0,0,0,0,1.1461280356782377,0,0,0,1,"1"
20,0,1,1,1,0,0,0,0,0,0,0,0,0,1.5769169559652068,0,0,0,1,"1"
30,0,1,1,1,0,0,0,0,0,0,0,0,0,1.1461280356782377,0,0,0,1,"1"
59,0,1,0,1,0,0,0,0,0,0,0,0,0,1.1613680022349748,0,0,0,0,"0"
30,0,1,1,0,0,1,0,0,0,0,0,0,0,1.125481265700594,0,0,0,1,"1"
35,0,1,0,1,0,0,0,0,0,0,0,0,0,1.0606978403536116,0,0,0,0,"0"
40,0,1,1,1,0,0,0,0,0,0,0,0,0,1.1461280356782377,0,0,0,1,"1"
25,0,1,0,1,0,0,0,0,0,0,0,0,0,1.1461280356782377,0,0,0,0,"0"
41,0,1,0,0,1,0,0,0,0,0,0,0,0,1.2053613747144323,0,0,0,0,"0"
25,0,1,0,1,0,0,0,0,0,0,0,0,0,1.0606978403536116,0,0,0,0,"0"
18.5,0,1,0,1,0,0,0,0,0,0,0,1,0,1.1461280356782377,0,0,0,0,"0"
14,0,1,0,1,0,0,0,0,0,0,0,0,0,1.8195439355418683,0,0,0,0,"0"
50,0,1,1,1,0,0,0,0,0,0,0,0,0,1.0606978403536116,0,0,0,1,"1"
23,0,1,0,1,0,0,0,0,0,0,0,0,0,1.1461280356782377,0,0,0,0,"0"
28,0,1,1,1,0,0,0,0,0,0,0,0,0,1.1351326513767748,0,0,0,1,"1"
27,0,1,1,1,0,0,0,0,1,0,0,0,0,1.0606978403536116,0,0,0,1,"1"
29,0,1,0,1,0,0,0,0,0,0,0,0,0,1.3424226808222062,0.30102999566398114,0,0,0,"0"
27,0,1,1,1,0,0,0,0,0,0,0,0,0,1.3424226808222062,0.30102999566398114,0,0,1,"0"
40,0,1,0,1,0,0,0,0,0,0,0,0,0,1.1461280356782377,0,0,0,0,"0"
31,0,1,1,1,0,0,0,0,0,0,0,0,0,1.3424226808222062,0,0,0,1,"1"
30,0,1,0,1,0,0,0,0,0,0,0,0,0,1.3424226808222062,0.30102999566398114,0,0,0,"0"
23,0,1,0,1,0,0,0,0,0,0,0,0,0,1.0606978403536116,0.30102999566398114,0,0,0,"0"
31,0,1,1,1,0,0,0,0,0,0,0,0,0,1.3424226808222062,0,0,0,1,"1"
29.881137667304014,0,1,0,1,0,0,0,0,0,0,0,0,0,0,0,0,0,0,"0"
12,0,1,1,1,0,0,0,0,0,0,0,0,0,1.224014811372864,0,0,0,1,"1"
40,0,1,1,1,0,0,0,0,0,0,0,0,0,1.224014811372864,0,0,0,1,"1"
32.5,0,1,1,1,0,0,0,0,1,0,0,0,0,1.1461280356782377,0,0,0,1,"1"
27,0,1,0,1,0,0,0,0,0,0,0,0,0,1.4313637641589871,0.30102999566398114,0,0,0,"0"
29,0,1,1,1,0,0,0,0,0,0,0,0,0,1.4313637641589871,0.30102999566398114,0,0,1,"1"
2,0,1,0,1,0,0,0,0,0,0,0,0,0,1.380211241711606,0.30102999566398114,0.30102999566398114,0,0,"1"
4,0,1,1,1,0,0,0,0,0,0,0,0,0,1.380211241711606,0.30102999566398114,0.30102999566398114,0,1,"1"
29,0,1,1,1,0,0,0,0,0,0,0,0,0,1.380211241711606,0,0,0,1,"1"
0.92,0,1,1,1,0,0,0,0,0,0,0,0,0,1.458637849025649,0.30102999566398114,0.30102999566398114,0,1,"1"
5,0,1,1,1,0,0,0,0,0,0,0,0,0,1.458637849025649,0.30102999566398114,0.30102999566398114,0,1,"1"
36,0,1,0,1,0,0,0,0,0,0,0,0,0,1.458637849025649,0.30102999566398114,0.30102999566398114,0,0,"0"
33,0,1,1,1,0,0,0,0,0,0,0,0,0,1.458637849025649,0.30102999566398114,0.30102999566398114,0,1,"1"
66,0,1,0,1,0,0,0,0,0,0,0,0,0,1.0606978403536116,0,0,0,0,"0"
29.881137667304014,0,1,0,1,0,0,0,0,0,0,0,0,0,1.1422329917947138,0,0,0,0,"0"
31,0,1,0,1,0,0,0,0,0,0,0,0,0,1.1461280356782377,0,0,0,0,"1"
29.881137667304014,0,1,0,1,0,0,0,0,0,0,0,0,0,1.1461280356782377,0,0,0,0,"1"
26,0,1,1,1,0,0,0,0,0,0,0,0,0,1.1613680022349748,0,0,0,1,"1"
24,0,1,1,1,0,0,0,0,0,0,0,0,0,1.1461280356782377,0,0,0,1,"0"
42,0,0,0,1,0,0,0,0,0,0,0,0,0,0.9319661147281726,0,0,0,0,"0"
13,0,0,0,1,0,0,0,0,0,0,0,0,0,1.3273589343863301,0,0,0,0,"0"
16,0,0,0,1,0,0,0,0,0,0,0,0,0,1.3273589343863301,0.30102999566398114,0.30102999566398114,0,0,"0"
35,0,0,1,1,0,0,0,0,0,0,0,0,0,1.3273589343863301,0.30102999566398114,0.30102999566398114,0,0,"1"
16,0,0,1,1,0,0,0,0,0,0,0,0,0,0.9370161074648141,0,0,0,0,"1"
25,0,0,0,1,0,0,0,0,0,0,0,1,0,0.9370161074648141,0,0,0,0,"1"
20,0,0,0,1,0,0,0,0,0,0,0,0,0,0.9506082247842308,0,0,0,0,"1"
18,0,0,1,0,1,0,0,0,0,0,0,0,0,0.9153576174148317,0,0,0,0,"1"
30,0,0,0,1,0,0,0,0,0,0,0,0,0,0.9164539485499249,0,0,0,0,"0"
26,0,0,0,1,0,0,0,0,0,0,0,0,0,0.9566485792052032,0,0,0,0,"0"
40,0,0,1,1,0,0,0,0,0,0,0,0,0,1.0201540316383326,0.30102999566398114,0,0,0,"0"
0.83,0,0,0,1,0,0,0,0,0,0,0,0,0,1.0149403497929363,0,0,0,0,"1"
18,0,0,1,1,0,0,0,0,0,0,0,0,0,1.0149403497929363,0,0,0,0,"1"
26,0,0,0,0,1,0,0,0,0,0,0,0,0,1.2963909278704122,0,0,0,0,"1"
26,0,0,0,1,0,0,0,0,0,0,0,0,0,0.9487796137378225,0,0,0,0,"0"
20,0,0,0,1,0,0,0,0,0,0,0,0,0,0.9506082247842308,0,0,0,0,"0"
24,0,0,0,1,0,0,0,0,0,0,0,0,0,0.9057958803678685,0,0,0,0,"0"
25,0,0,0,1,0,0,0,0,0,0,0,0,0,0.9057958803678685,0,0,0,0,"0"
35,0,0,0,1,0,0,0,0,0,0,0,0,0,0.9566485792052032,0,0,0,0,"0"
18,0,0,0,1,0,0,0,0,0,0,0,0,0,0.9684829485539351,0,0,0,0,"0"
32,0,0,0,1,0,0,0,0,0,0,0,0,0,1.3715296320992945,0,0,0,0,"0"
19,0,0,1,1,0,0,0,0,0,0,0,0,0,0.9471493276626374,0.30102999566398114,0,0,0,"1"
4,0,0,0,1,0,0,0,0,0,0,0,0,0,1.5088662509384578,0.6989700043360187,0.6989700043360187,0,0,"0"
6,0,0,1,1,0,0,0,0,0,0,0,0,0,1.5088662509384578,0.6989700043360187,0.6989700043360187,0,0,"0"
2,0,0,1,1,0,0,0,0,0,0,0,0,0,1.5088662509384578,0.6989700043360187,0.6989700043360187,0,0,"0"
17,0,0,1,1,0,0,0,0,0,0,0,0,0,0.9506082247842308,0.6989700043360187,0.6989700043360187,0,0,"1"
38,0,0,1,1,0,0,0,0,0,0,0,0,0,0.9432471251378617,0.6989700043360187,0.6989700043360187,0,0,"0"
9,0,0,1,1,0,0,0,0,0,0,0,0,0,1.5088662509384578,0.6989700043360187,0.6989700043360187,0,0,"0"
11,0,0,1,1,0,0,0,0,0,0,0,0,0,1.5088662509384578,0.6989700043360187,0.6989700043360187,0,0,"0"
39,0,0,0,1,0,0,0,0,0,0,0,0,0,1.5088662509384578,0.30102999566398114,0.30102999566398114,0,0,"0"
27,0,0,0,1,0,0,0,0,0,0,0,0,0,0.9442753457587985,0,0,0,0,"1"
26,0,0,0,1,0,0,0,0,0,0,0,0,0,0.9432471251378617,0,0,0,0,"0"
39,0,0,1,1,0,0,0,0,0,0,0,0,0,1.5088662509384578,0.30102999566398114,0.30102999566398114,0,0,"0"
20,0,0,0,1,0,0,0,0,0,0,0,0,0,0.9471493276626374,0,0,0,0,"0"
26,0,0,0,1,0,0,0,0,0,0,0,0,0,0.9491850103134344,0,0,0,0,"0"
25,0,0,0,1,0,0,0,0,0,0,0,0,0,1.2741578492636798,0.30102999566398114,0,0,0,"0"
18,0,0,1,1,0,0,0,0,0,0,0,0,0,1.2741578492636798,0.30102999566398114,0,0,0,"0"
24,0,0,0,1,0,0,0,0,0,0,0,0,0,0.9432471251378617,0,0,0,0,"0"
35,0,0,0,1,0,0,0,0,0,0,0,0,0,0.9057958803678685,0,0,0,0,"0"
5,0,0,0,1,0,0,0,0,0,0,0,0,0,1.5103774259938811,0.6989700043360187,0.6989700043360187,0,0,"0"
9,0,0,0,1,0,0,0,0,0,0,0,0,0,1.5103774259938811,0.6989700043360187,0.6989700043360187,0,0,"0"
3,0,0,0,1,0,0,0,0,0,0,0,0,0,1.5103774259938811,0.6989700043360187,0.6989700043360187,0,0,"1"
13,0,0,0,1,0,0,0,0,0,0,0,0,0,1.5103774259938811,0.6989700043360187,0.6989700043360187,0,0,"0"
5,0,0,1,1,0,0,0,0,0,0,0,0,0,1.5103774259938811,0.6989700043360187,0.6989700043360187,0,0,"1"
40,0,0,0,1,0,0,0,0,0,0,0,0,0,1.5103774259938811,0.30102999566398114,0.30102999566398114,0,0,"0"
23,0,0,0,1,0,0,0,0,0,0,0,0,0,0.9442753457587985,0,0,0,0,"1"
38,0,0,1,1,0,0,0,0,0,0,0,0,0,1.5103774259938811,0.30102999566398114,0.30102999566398114,0,0,"1"
45,0,0,1,0,1,0,0,0,0,0,0,0,0,0.9151359066220118,0,0,0,0,"1"
21,0,0,0,0,1,0,0,0,0,0,0,0,0,0.9151359066220118,0,0,0,0,"0"
23,0,0,0,1,0,0,0,0,0,0,0,0,0,0.9057958803678685,0,0,0,0,"0"
17,0,0,1,0,1,0,0,0,0,0,0,0,0,1.189161731418372,0,0,0,0,"0"
30,0,0,0,0,1,0,0,0,0,0,0,0,0,0.9151359066220118,0,0,0,0,"0"
23,0,0,0,1,0,0,0,0,0,0,0,0,0,0.9471493276626374,0,0,0,0,"0"
13,0,0,1,0,1,0,0,0,0,0,0,0,0,0.9153576174148317,0,0,0,0,"1"
20,0,0,0,0,1,0,0,0,0,0,0,0,0,0.9151359066220118,0,0,0,0,"0"
32,0,0,0,1,0,0,0,0,0,0,0,0,0,1.2265999052073573,0.30102999566398114,0,0,0,"0"
33,0,0,1,1,0,0,0,0,0,0,0,0,0,1.2265999052073573,0.6020599913279623,0,0,0,"1"
0.75,0,0,1,0,1,0,0,0,0,0,0,0,0,1.3066029982011582,0.47712125471966244,0.47712125471966244,0,0,"1"
0.75,0,0,1,0,1,0,0,0,0,0,0,0,0,1.3066029982011582,0.47712125471966244,0.47712125471966244,0,0,"1"
5,0,0,1,0,1,0,0,0,0,0,0,0,0,1.3066029982011582,0.47712125471966244,0.47712125471966244,0,0,"1"
24,0,0,1,0,1,0,0,0,0,0,0,0,0,1.3066029982011582,0,0,0,0,"1"
18,0,0,1,1,0,0,0,0,0,0,0,0,0,0.9566485792052032,0,0,0,0,"1"
40,0,0,0,0,1,0,0,0,0,0,0,0,0,0.9151359066220118,0,0,0,0,"0"
26,0,0,0,1,0,0,0,0,0,0,0,0,0,0.9491850103134344,0,0,0,0,"0"
20,0,0,0,0,1,0,0,0,0,0,0,0,0,0.9153576174148317,0,0,0,0,"1"
18,0,0,1,0,1,0,0,0,0,0,0,0,0,1.1890465283525413,0,0,0,0,"0"
45,0,0,1,0,1,0,0,0,0,0,0,0,0,1.1890465283525413,0,0,0,0,"0"
27,0,0,1,0,0,1,0,0,0,0,0,0,0,0.948373838387079,0,0,0,0,"0"
22,0,0,0,1,0,0,0,0,0,0,0,0,0,0.9566485792052032,0,0,0,0,"0"
19,0,0,0,1,0,0,0,0,0,0,0,0,0,0.9566485792052032,0,0,0,0,"0"
26,0,0,0,1,0,0,0,0,0,0,0,0,0,0.9432471251378617,0,0,0,0,"0"
22,0,0,0,1,0,0,0,0,0,0,0,0,0,1.0149403497929363,0,0,0,0,"0"
29.881137667304014,0,0,0,0,1,0,0,0,0,0,0,0,0,0.9153576174148317,0,0,0,0,"0"
20,0,0,0,0,1,0,0,0,0,0,0,0,0,0.7000543856282387,0,0,0,0,"0"
32,0,0,0,1,0,0,0,0,0,0,0,0,0,1.75963612115147,0,0,0,0,"1"
21,0,0,0,1,0,0,0,0,0,0,0,0,0,0.9432471251378617,0,0,0,0,"0"
18,0,0,0,1,0,0,0,0,0,0,0,0,0,0.9420080530223132,0,0,0,0,"0"
26,0,0,0,1,0,0,0,0,0,0,0,0,0,0.9491850103134344,0,0,0,0,"0"
6,0,0,0,0,1,0,0,0,0,0,0,0,0,1.2107411023865053,0.30102999566398114,0.30102999566398114,0,0,"0"
9,0,0,1,0,1,0,0,0,0,0,0,0,0,1.2107411023865053,0.30102999566398114,0.30102999566398114,0,0,"0"
29.881137667304014,0,0,0,0,1,0,0,0,0,0,0,0,0,0.9151359066220118,0,0,0,0,"0"
29.881137667304014,0,0,1,0,1,0,0,0,0,0,0,0,0,1.2107411023865053,0,0,0,0,"0"
29.881137667304014,0,0,1,0,0,1,0,0,0,0,0,0,0,0.9420080530223132,0,0,0,0,"0"
40,0,0,0,0,0,1,0,0,0,0,0,0,0,1.217483944213906,0.30102999566398114,0.30102999566398114,0,0,"0"
32,0,0,1,0,0,1,0,0,0,0,0,0,0,1.217483944213906,0.30102999566398114,0.30102999566398114,0,0,"0"
21,0,0,0,1,0,0,0,0,0,0,0,0,0,1.2329961103921538,0,0,0,0,"0"
22,0,0,1,0,0,1,0,0,0,0,0,0,0,0.9407654356312174,0,0,0,0,"1"
20,0,0,1,1,0,0,0,0,0,0,0,0,0,0.9471493276626374,0,0,0,0,"0"
29,0,0,0,1,0,0,0,0,0,0,0,0,0,0.9055692328119356,0.30102999566398114,0,0,0,"0"
22,0,0,0,1,0,0,0,0,0,0,0,0,0,0.9164539485499249,0.30102999566398114,0,0,0,"0"
22,0,0,0,1,0,0,0,0,0,0,0,0,0,0.9442753457587985,0,0,0,0,"0"
35,0,0,0,1,0,0,0,0,0,0,0,0,0,0.9566485792052032,0,0,0,0,"0"
18.5,0,0,1,0,0,1,0,0,0,0,0,0,0,0.918203390682261,0,0,0,0,"0"
21,0,0,0,0,0,1,0,0,0,0,0,0,0,0.9455079751351937,0,0,0,0,"1"
19,0,0,0,0,0,1,0,0,0,0,0,0,0,0.8893017025063101,0,0,0,0,"0"
18,0,0,1,0,0,1,0,0,0,0,0,0,0,0.948373838387079,0,0,0,0,"0"
21,0,0,1,1,0,0,0,0,0,0,0,0,0,0.9850895069263812,0,0,0,0,"0"
30,0,0,1,1,0,0,0,0,0,0,0,0,0,0.9850895069263812,0,0,0,0,"0"
18,0,0,0,1,0,0,0,0,0,0,0,0,0,0.9850895069263812,0,0,0,0,"0"
38,0,0,0,1,0,0,0,0,0,0,0,0,0,0.9850895069263812,0,0,0,0,"0"
17,0,0,0,1,0,0,0,0,0,0,0,0,0,0.9850895069263812,0,0,0,0,"0"
17,0,0,0,1,0,0,0,0,0,0,0,0,0,0.9850895069263812,0,0,0,0,"0"
21,0,0,1,0,0,1,0,0,0,0,0,0,0,0.9420080530223132,0,0,0,0,"0"
21,0,0,0,0,0,1,0,0,0,0,0,0,0,0.9420080530223132,0,0,0,0,"0"
21,0,0,0,1,0,0,0,0,0,0,0,0,0,0.9566485792052032,0,0,0,0,"0"
29.881137667304014,0,0,0,0,1,0,0,0,0,0,0,0,0,1.189161731418372,0.30102999566398114,0,0,0,"0"
29.881137667304014,0,0,1,0,1,0,0,0,0,0,0,0,0,1.189161731418372,0.30102999566398114,0,0,0,"0"
28,0,0,0,1,0,0,0,0,0,0,0,0,0,0.9442753457587985,0,0,0,0,"0"
24,0,0,0,1,0,0,0,0,0,0,0,0,0,0.9471493276626374,0,0,0,0,"0"
16,0,0,1,0,0,1,0,0,0,0,0,0,0,0.9420080530223132,0,0,0,0,"1"
37,0,0,1,0,0,1,0,0,0,0,0,0,0,0.9420080530223132,0,0,0,0,"0"
28,0,0,0,1,0,0,0,0,0,0,0,0,0,0.9164539485499249,0,0,0,0,"0"
24,0,0,0,1,0,0,0,0,0,0,0,0,0,0.9566485792052032,0,0,0,0,"0"
21,0,0,0,0,0,1,0,0,0,0,0,0,0,0.9411783789843932,0,0,0,0,"0"
32,0,0,0,1,0,0,0,0,0,0,0,0,0,1.75963612115147,0,0,0,0,"1"
29,0,0,0,1,0,0,0,0,0,0,0,0,0,0.9566485792052032,0,0,0,0,"0"
26,0,0,0,0,1,0,0,0,0,0,0,0,0,1.1890465283525413,0.30102999566398114,0,0,0,"0"
18,0,0,0,0,1,0,0,0,0,0,0,0,0,1.1890465283525413,0.30102999566398114,0,0,0,"0"
20,0,0,0,1,0,0,0,0,0,0,0,0,0,0.9057958803678685,0,0,0,0,"0"
18,0,0,0,1,0,0,0,0,0,0,0,0,0,0.9566485792052032,0,0,0,0,"1"
24,0,0,0,0,0,1,0,0,0,0,0,0,0,0.9164539485499249,0,0,0,0,"0"
36,0,0,0,1,0,0,0,0,0,0,0,0,0,0.9292042801123058,0,0,0,0,"0"
24,0,0,0,1,0,0,0,0,0,0,0,0,0,0.9292042801123058,0,0,0,0,"0"
31,0,0,0,0,0,1,0,0,0,0,0,0,0,0.9411783789843932,0,0,0,0,"0"
31,0,0,0,0,0,1,0,0,0,0,0,0,0,0.9420080530223132,0,0,0,0,"0"
22,0,0,1,0,0,1,0,0,0,0,0,0,0,0.9420080530223132,0,0,0,0,"1"
30,0,0,1,0,0,1,0,0,0,0,0,0,0,0.9359705348009411,0,0,0,0,"0"
70.5,0,0,0,0,0,1,0,0,0,0,0,0,0,0.9420080530223132,0,0,0,0,"0"
43,0,0,0,1,0,0,0,0,0,0,0,0,0,0.9566485792052032,0,0,0,0,"0"
35,0,0,0,1,0,0,0,0,0,0,0,0,0,0.9491850103134344,0,0,0,0,"0"
27,0,0,0,1,0,0,0,0,0,0,0,0,0,0.9491850103134344,0,0,0,0,"0"
19,0,0,0,1,0,0,0,0,0,0,0,0,0,0.9491850103134344,0,0,0,0,"0"
30,0,0,0,1,0,0,0,0,0,0,0,0,0,0.9566485792052032,0,0,0,0,"0"
9,0,0,0,1,0,0,0,0,0,0,0,0,0,1.2278867046136734,0.30102999566398114,0.30102999566398114,0,0,"1"
3,0,0,0,1,0,0,0,0,0,0,0,0,0,1.2278867046136734,0.30102999566398114,0.30102999566398114,0,0,"1"
36,0,0,1,1,0,0,0,0,0,0,0,0,0,1.2278867046136734,0,0,0,0,"1"
59,0,0,0,1,0,0,0,0,0,0,0,0,0,0.9164539485499249,0,0,0,0,"0"
19,0,0,0,1,0,0,0,0,0,0,0,0,0,0.9618148656833371,0,0,0,0,"0"
17,0,0,1,1,0,0,0,0,0,0,0,0,0,1.2329961103921538,0,0,0,0,"1"
44,0,0,0,1,0,0,0,0,0,0,0,0,0,1.2329961103921538,0,0,0,0,"0"
17,0,0,0,1,0,0,0,0,0,0,0,0,0,0.9850895069263812,0,0,0,0,"0"
22.5,0,0,0,0,1,0,0,0,0,0,0,0,0,0.9151359066220118,0,0,0,0,"0"
45,0,0,0,1,0,0,0,0,0,0,0,0,0,0.9566485792052032,0,0,0,0,"1"
22,0,0,1,1,0,0,0,0,0,0,0,0,0,1.0613280539915775,0,0,0,0,"0"
19,0,0,0,1,0,0,0,0,0,0,0,0,0,1.0480842763514528,0,0,0,0,"0"
30,0,0,1,0,0,1,0,0,0,0,0,0,0,0.9003671286564703,0,0,0,0,"1"
29,0,0,0,0,0,1,0,0,0,0,0,0,0,0.9420080530223132,0,0,0,0,"1"
0.33,0,0,0,1,0,0,0,0,0,0,0,0,0,1.187520720836463,0,0,0,0,"0"
34,0,0,0,1,0,0,0,0,0,0,0,0,0,1.187520720836463,0.30102999566398114,0.30102999566398114,0,0,"0"
28,0,0,1,1,0,0,0,0,0,0,0,0,0,1.187520720836463,0.30102999566398114,0.30102999566398114,0,0,"0"
27,0,0,0,1,0,0,0,0,0,0,0,0,0,0.9491850103134344,0,0,0,0,"0"
25,0,0,0,1,0,0,0,0,0,0,0,0,0,0.9491850103134344,0,0,0,0,"0"
24,0,0,0,1,0,0,0,0,0,0,0,0,0,1.4005379893919458,0.47712125471966244,0,0,0,"0"
22,0,0,0,1,0,0,0,0,0,0,0,0,0,0.9566485792052032,0,0,0,0,"0"
21,0,0,0,1,0,0,0,0,0,0,0,0,0,1.4005379893919458,0.47712125471966244,0,0,0,"0"
17,0,0,0,1,0,0,0,0,0,0,0,0,0,0.9566485792052032,0.47712125471966244,0,0,0,"0"
29.881137667304014,0,0,0,1,0,0,0,0,0,0,0,0,0,1.2329961103921538,0.30102999566398114,0,0,0,"0"
29.881137667304014,0,0,1,1,0,0,0,0,0,0,0,0,0,1.2329961103921538,0.30102999566398114,0,0,0,"1"
36.5,0,0,0,1,0,0,0,0,0,0,0,0,0,1.2648178230095364,0.30102999566398114,0,0,0,"1"
36,0,0,1,1,0,0,0,0,0,0,0,0,0,1.2648178230095364,0.30102999566398114,0,0,0,"1"
30,0,0,0,1,0,0,0,0,0,0,0,0,0,1.021189299069938,0,0,0,0,"1"
16,0,0,0,1,0,0,0,0,0,0,0,0,0,1.021189299069938,0,0,0,0,"0"
1,0,0,0,1,0,0,0,0,0,0,0,0,0,1.333950804387247,0.30102999566398114,0.30102999566398114,0,0,"1"
0.17,0,0,1,1,0,0,0,0,0,0,0,0,0,1.333950804387247,0.30102999566398114,0.30102999566398114,0,0,"1"
26,0,0,0,1,0,0,0,0,0,0,0,0,0,1.333950804387247,0.30102999566398114,0.30102999566398114,0,0,"0"
33,0,0,1,1,0,0,0,0,0,0,0,0,0,1.333950804387247,0.30102999566398114,0.30102999566398114,0,0,"1"
25,0,0,0,1,0,0,0,0,0,0,0,0,0,0.9491850103134344,0,0,0,0,"0"
29.881137667304014,0,0,0,1,0,0,0,0,0,0,0,0,0,0.9491850103134344,0,0,0,0,"0"
29.881137667304014,0,0,0,1,0,0,0,0,0,0,0,0,0,0.9491850103134344,0,0,0,0,"0"
22,0,0,0,1,0,0,0,0,0,0,0,0,0,0.9164539485499249,0,0,0,0,"0"
36,0,0,0,1,0,0,0,0,0,0,0,0,0,0.9164539485499249,0,0,0,0,"0"
19,0,0,1,0,0,1,0,0,0,0,0,0,0,0.948373838387079,0,0,0,0,"1"
17,0,0,0,1,0,0,0,0,0,0,0,0,0,0.9491850103134344,0,0,0,0,"0"
42,0,0,0,1,0,0,0,0,0,0,0,0,0,0.9850895069263812,0,0,0,0,"0"
43,0,0,0,1,0,0,0,0,0,0,0,0,0,0.9491850103134344,0,0,0,0,"0"
29.881137667304014,0,0,0,0,1,0,0,0,0,0,0,0,0,0.9153576174148317,0,0,0,0,"0"
32,0,0,0,0,0,1,0,0,0,0,0,0,0,0.9420080530223132,0,0,0,0,"0"
19,0,0,0,1,0,0,0,0,0,0,0,0,0,0.9566485792052032,0,0,0,0,"1"
30,0,0,1,1,0,0,0,0,0,0,0,0,0,1.1295287738587763,0,0,0,0,"1"
24,0,0,1,0,0,1,0,0,0,0,0,0,0,0.9420080530223132,0,0,0,0,"0"
23,0,0,1,1,0,0,0,0,0,0,0,0,0,0.9566485792052032,0,0,0,0,"1"
33,0,0,0,0,1,0,0,0,0,0,0,0,0,0.9491850103134344,0,0,0,0,"0"
65,0,0,0,0,0,1,0,0,0,0,0,0,0,0.9420080530223132,0,0,0,0,"0"
24,0,0,0,1,0,0,0,0,0,0,0,0,0,0.9319661147281726,0,0,0,0,"1"
23,0,0,0,1,0,0,0,0,0,0,0,0,0,1.1731862684122738,0.30102999566398114,0,0,0,"0"
22,0,0,1,1,0,0,0,0,0,0,0,0,0,1.1731862684122738,0.30102999566398114,0,0,0,"1"
18,0,0,0,1,0,0,0,0,0,0,0,0,0,0.9432471251378617,0,0,0,0,"0"
16,0,0,0,1,0,0,0,0,0,0,0,0,0,0.9432471251378617,0,0,0,0,"0"
45,0,0,0,1,0,0,0,0,0,0,0,0,0,0.9017306917292186,0,0,0,0,"0"
29.881137667304014,0,0,0,0,1,0,0,0,0,0,0,0,0,0.9151359066220118,0,0,0,0,"0"
39,0,0,0,0,1,0,0,0,0,0,0,0,0,0.9153576174148317,0,0,0,0,"0"
17,0,0,0,0,1,0,0,0,0,0,0,0,0,0.9153576174148317,0.30102999566398114,0.30102999566398114,0,0,"0"
15,0,0,0,0,1,0,0,0,0,0,0,0,0,0.9153576174148317,0.30102999566398114,0.30102999566398114,0,0,"0"
47,0,0,0,1,0,0,0,0,0,0,0,0,0,0.9164539485499249,0,0,0,0,"0"
5,0,0,1,1,0,0,0,0,0,0,0,0,0,1.1295287738587763,0,0,0,0,"1"
29.881137667304014,0,0,0,0,1,0,0,0,0,0,0,0,0,0.9151359066220118,0,0,0,0,"0"
40.5,0,0,0,1,0,0,0,0,0,0,0,0,0,1.2068258760318495,0,0,0,0,"0"
40.5,0,0,0,0,0,1,0,0,0,0,0,0,0,0.9420080530223132,0,0,0,0,"0"
29.881137667304014,0,0,0,1,0,0,0,0,0,0,0,0,0,0.9057958803678685,0,0,0,0,"1"
18,0,0,0,1,0,0,0,0,0,0,0,0,0,0.9442753457587985,0,0,0,0,"0"
29.881137667304014,0,0,1,0,0,1,0,0,0,0,0,0,0,0.9420080530223132,0,0,0,0,"0"
29.881137667304014,0,0,0,0,0,1,0,0,0,0,0,0,0,0.9420080530223132,0,0,0,0,"0"
29.881137667304014,0,0,0,0,0,1,0,0,0,0,0,0,0,0.9003671286564703,0,0,0,0,"0"
26,0,0,0,0,0,1,0,0,0,0,0,0,0,0.948373838387079,0,0,0,0,"0"
29.881137667304014,0,0,0,0,0,1,0,0,0,0,0,0,0,0.9420080530223132,0,0,0,0,"0"
29.881137667304014,0,0,0,1,0,0,0,0,0,0,0,0,0,1.75963612115147,0,0,0,0,"1"
21,0,0,1,1,0,0,0,0,0,0,0,0,0,1.5486964485323464,0.47712125471966244,0.47712125471966244,0,0,"0"
9,0,0,1,1,0,0,0,0,0,0,0,0,0,1.5486964485323464,0.47712125471966244,0.47712125471966244,0,0,"0"
29.881137667304014,0,0,0,1,0,0,0,0,0,0,0,0,0,0.9566485792052032,0,0,0,0,"0"
18,0,0,0,1,0,0,0,0,0,0,0,0,0,1.5486964485323464,0.47712125471966244,0.47712125471966244,0,0,"0"
16,0,0,0,1,0,0,0,0,0,0,0,0,0,1.5486964485323464,0.30102999566398114,0.30102999566398114,0,0,"0"
48,0,0,1,1,0,0,0,0,0,0,0,0,0,1.5486964485323464,0.30102999566398114,0.30102999566398114,0,0,"0"
29.881137667304014,0,0,0,0,0,1,0,0,0,0,0,0,0,0.9420080530223132,0,0,0,0,"0"
29.881137667304014,0,0,0,1,0,0,0,0,0,0,0,0,0,0.9164539485499249,0,0,0,0,"0"
25,0,0,0,0,0,1,0,0,0,0,0,0,0,0.9415958981751185,0,0,0,0,"0"
29.881137667304014,0,0,0,1,0,0,0,0,0,0,0,0,0,1.1903316981702914,0,0,0,0,"0"
29.881137667304014,0,0,0,0,1,0,0,0,0,0,0,0,0,0.9491850103134344,0,0,0,0,"0"
22,0,0,0,1,0,0,0,0,0,0,0,0,0,0.9566485792052032,0,0,0,0,"0"
16,0,0,1,0,0,1,0,0,0,0,0,0,0,0.9411783789843932,0,0,0,0,"1"
29.881137667304014,0,0,1,0,0,1,0,0,0,0,0,0,0,0.9420080530223132,0,0,0,0,"1"
9,0,0,0,1,0,0,0,0,0,0,0,0,0,1.3329431601256923,0,0,0,0,"1"
33,0,0,0,1,0,0,0,0,0,0,0,0,0,1.3329431601256923,0.30102999566398114,0.30102999566398114,0,0,"0"
41,0,0,0,1,0,0,0,0,0,0,0,0,0,0.9469432706978252,0,0,0,0,"0"
31,0,0,1,1,0,0,0,0,0,0,0,0,0,1.3329431601256923,0.30102999566398114,0.30102999566398114,0,0,"1"
38,0,0,0,1,0,0,0,0,0,0,0,0,0,0.9057958803678685,0,0,0,0,"0"
9,0,0,0,1,0,0,0,0,0,0,0,0,0,1.680335513414563,0.7781512503836435,0.7781512503836435,0,0,"0"
1,0,0,0,1,0,0,0,0,0,0,0,0,0,1.680335513414563,0.7781512503836435,0.7781512503836435,0,0,"0"
11,0,0,0,1,0,0,0,0,0,0,0,0,0,1.680335513414563,0.7781512503836435,0.7781512503836435,0,0,"0"
10,0,0,1,1,0,0,0,0,0,0,0,0,0,1.680335513414563,0.7781512503836435,0.7781512503836435,0,0,"0"
16,0,0,1,1,0,0,0,0,0,0,0,0,0,1.680335513414563,0.7781512503836435,0.7781512503836435,0,0,"0"
14,0,0,0,1,0,0,0,0,0,0,0,0,0,1.680335513414563,0.7781512503836435,0.7781512503836435,0,0,"0"
40,0,0,0,1,0,0,0,0,0,0,0,0,0,1.680335513414563,0.30102999566398114,0.30102999566398114,0,0,"0"
43,0,0,1,1,0,0,0,0,0,0,0,0,0,1.680335513414563,0.30102999566398114,0.30102999566398114,0,0,"0"
51,0,0,0,1,0,0,0,0,0,0,0,0,0,0.9566485792052032,0,0,0,0,"0"
32,0,0,0,1,0,0,0,0,0,0,0,0,0,0.9713918307075229,0,0,0,0,"0"
29.881137667304014,0,0,0,1,0,0,0,0,0,0,0,0,0,0.9566485792052032,0,0,0,0,"0"
20,0,0,0,1,0,0,0,0,0,0,0,0,0,1.0352615916449617,0,0,0,0,"0"
37,0,0,0,1,0,0,0,0,0,0,0,0,0,0.9506082247842308,0.47712125471966244,0,0,0,"0"
28,0,0,0,1,0,0,0,0,0,0,0,0,0,0.9506082247842308,0.47712125471966244,0,0,0,"0"
19,0,0,0,1,0,0,0,0,0,0,0,0,0,0.9432471251378617,0,0,0,0,"0"
24,0,0,1,1,0,0,0,0,0,0,0,0,0,0.9934362304976116,0,0,0,0,"0"
17,0,0,1,0,0,1,0,0,0,0,0,0,0,0.9411783789843932,0,0,0,0,"0"
29.881137667304014,0,0,0,1,0,0,0,0,0,0,0,0,0,1.321530081177334,0.30102999566398114,0,0,0,"0"
29.881137667304014,0,0,0,1,0,0,0,0,0,0,0,0,0,1.321530081177334,0.30102999566398114,0,0,0,"0"
28,0,0,0,1,0,0,0,0,0,0,0,0,0,1.2265999052073573,0.30102999566398114,0,0,0,"0"
24,0,0,1,1,0,0,0,0,0,0,0,0,0,1.2265999052073573,0.30102999566398114,0,0,0,"1"
20,0,0,0,1,0,0,0,0,0,0,0,0,0,1.021189299069938,0,0,0,0,"0"
23.5,0,0,0,0,1,0,0,0,0,0,0,0,0,0.9153576174148317,0,0,0,0,"0"
41,0,0,0,1,0,0,0,0,0,0,0,0,0,1.1792155998681573,0.47712125471966244,0,0,0,"0"
26,0,0,0,1,0,0,0,0,0,0,0,0,0,0.9471493276626374,0.30102999566398114,0,0,0,"0"
21,0,0,0,1,0,0,0,0,0,0,0,0,0,0.9471493276626374,0,0,0,0,"0"
45,0,0,1,1,0,0,0,0,0,0,0,0,0,1.1792155998681573,0.30102999566398114,0,0,0,"1"
29.881137667304014,0,0,1,1,0,0,0,0,0,0,0,0,0,0.9319661147281726,0,0,0,0,"0"
25,0,0,0,1,0,0,0,0,0,0,0,0,0,0.9164539485499249,0,0,0,0,"0"
29.881137667304014,0,0,0,0,0,1,0,0,0,0,0,0,0,0.8953286045034765,0,0,0,0,"0"
11,0,0,0,0,1,0,0,0,0,0,0,0,0,1.2963909278704122,0,0,0,0,"0"
29.881137667304014,0,0,1,0,0,1,0,0,0,0,0,0,0,0.9420080530223132,0,0,0,0,"1"
27,0,0,0,1,0,0,0,0,0,0,0,0,0,0.9017306917292186,0,0,0,0,"1"
29.881137667304014,0,0,0,1,0,0,0,0,0,0,0,0,0,1.75963612115147,0,0,0,0,"1"
18,0,0,1,0,0,1,0,0,0,0,0,0,0,0.8893017025063101,0,0,0,0,"0"
26,0,0,1,1,0,0,0,0,0,0,0,0,0,0.9506082247842308,0,0,0,0,"1"
23,0,0,1,1,0,0,0,0,0,0,0,0,0,0.9506082247842308,0,0,0,0,"0"
22,0,0,1,1,0,0,0,0,0,0,0,0,0,0.9983683344041687,0,0,0,0,"1"
28,0,0,0,1,0,0,0,0,0,0,0,0,0,0.9491850103134344,0,0,0,0,"0"
28,0,0,1,1,0,0,0,0,0,0,0,0,0,0.9432471251378617,0,0,0,0,"0"
29.881137667304014,0,0,1,0,0,1,0,0,0,0,0,0,0,0.9420080530223132,0,0,0,0,"0"
2,0,0,1,1,0,0,0,0,0,0,0,0,0,1.123443277531353,0,0,0,0,"1"
22,0,0,1,1,0,0,0,0,0,0,0,0,0,1.123443277531353,0.30102999566398114,0.30102999566398114,0,0,"1"
43,0,0,0,1,0,0,0,0,0,0,0,0,0,0.8721562727482929,0,0,0,0,"0"
28,0,0,0,1,0,0,0,0,0,0,0,0,0,1.3715296320992945,0,0,0,0,"0"
27,0,0,1,1,0,0,0,0,0,0,0,0,0,0.9506082247842308,0,0,0,0,"1"
29.881137667304014,0,0,0,0,0,1,0,0,0,0,0,0,0,0.9420080530223132,0,0,0,0,"0"
29.881137667304014,0,0,1,1,0,0,0,0,0,0,0,0,0,0.9566485792052032,0,0,0,0,"1"
42,0,0,0,1,0,0,0,0,0,0,0,1,0,0.9370161074648141,0,0,0,0,"0"
29.881137667304014,0,0,0,1,0,0,0,0,0,0,0,0,0,0.9487796137378225,0,0,0,0,"1"
30,0,0,0,0,1,0,0,0,0,0,0,0,0,0.9153576174148317,0,0,0,0,"0"
29.881137667304014,0,0,0,1,0,0,0,0,0,0,0,0,0,0.9491850103134344,0,0,0,0,"0"
27,0,0,1,1,0,0,0,0,0,0,0,0,0,0.9506082247842308,0.30102999566398114,0,0,0,"0"
25,0,0,1,1,0,0,0,0,0,0,0,0,0,0.9506082247842308,0.30102999566398114,0,0,0,"0"
29.881137667304014,0,0,0,1,0,0,0,0,0,0,0,0,0,0.9491850103134344,0,0,0,0,"0"
29,0,0,0,0,1,0,0,0,0,0,0,0,0,0.9491850103134344,0,0,0,0,"1"
21,0,0,0,1,0,0,0,0,0,0,0,0,0,0.9442753457587985,0,0,0,0,"1"
29.881137667304014,0,0,0,1,0,0,0,0,0,0,0,0,0,0.9057958803678685,0,0,0,0,"0"
20,0,0,0,1,0,0,0,0,0,0,0,0,0,0.9471493276626374,0,0,0,0,"0"
48,0,0,0,1,0,0,0,0,0,0,0,0,0,0.9471493276626374,0,0,0,0,"0"
17,0,0,0,1,0,0,0,0,0,0,0,0,0,0.9060224097037372,0.30102999566398114,0,0,0,"0"
29.881137667304014,0,0,1,0,0,1,0,0,0,0,0,0,0,0.9420080530223132,0,0,0,0,"1"
29.881137667304014,0,0,0,1,0,0,0,0,0,0,0,0,0,0.959637541326031,0,0,0,0,"1"
34,0,0,0,1,0,0,0,0,0,0,0,0,0,0.8748179903590257,0,0,0,0,"0"
26,0,0,0,1,0,0,0,0,0,0,0,0,0,0.9432471251378617,0,0,0,0,"1"
22,0,0,0,1,0,0,0,0,0,0,0,0,0,0.9442753457587985,0,0,0,0,"0"
33,0,0,0,1,0,0,0,0,0,0,0,0,0,0.9847162915819764,0,0,0,0,"0"
31,0,0,0,1,0,0,0,0,0,0,0,0,0,0.9432471251378617,0,0,0,0,"0"
29,0,0,0,1,0,0,0,0,0,0,0,0,0,0.9471493276626374,0,0,0,0,"0"
4,0,0,0,1,0,0,0,0,0,0,0,0,0,1.0839789358110459,0.30102999566398114,0.30102999566398114,0,0,"1"
1,0,0,1,1,0,0,0,0,0,0,0,0,0,1.0839789358110459,0.30102999566398114,0.30102999566398114,0,0,"1"
49,0,0,0,1,0,0,0,0,0,0,0,0,0,0,0,0,0,0,"0"
33,0,0,0,1,0,0,0,0,0,0,0,0,0,0.9432471251378617,0,0,0,0,"0"
19,0,0,0,1,0,0,0,0,0,0,0,0,0,0,0,0,0,0,"0"
27,0,0,1,1,0,0,0,0,0,0,0,0,0,1.0839789358110459,0,0,0,0,"1"
29.881137667304014,0,0,0,1,0,0,0,0,0,0,0,0,0,1.388278863459639,0.30102999566398114,0.30102999566398114,0,0,"0"
29.881137667304014,0,0,1,1,0,0,0,0,0,0,0,0,0,1.388278863459639,0.30102999566398114,0.30102999566398114,0,0,"0"
29.881137667304014,0,0,0,1,0,0,0,0,0,0,0,0,0,1.388278863459639,0.30102999566398114,0.30102999566398114,0,0,"0"
29.881137667304014,0,0,1,1,0,0,0,0,0,0,0,0,0,1.388278863459639,0.30102999566398114,0.30102999566398114,0,0,"0"
23,0,0,0,1,0,0,0,0,0,0,0,0,0,0.9491850103134344,0,0,0,0,"0"
32,0,0,0,1,0,0,0,0,0,0,0,0,0,0.9471493276626374,0,0,0,0,"1"
27,0,0,0,1,0,0,0,0,0,0,0,0,0,0.9471493276626374,0,0,0,0,"0"
20,0,0,1,1,0,0,0,0,0,0,0,0,0,1.0344279050254028,0.30102999566398114,0,0,0,"0"
21,0,0,1,1,0,0,0,0,0,0,0,0,0,1.0344279050254028,0.30102999566398114,0,0,0,"0"
32,0,0,0,1,0,0,0,0,0,0,0,0,0,0.9506082247842308,0,0,0,0,"1"
17,0,0,0,1,0,0,0,0,0,0,0,0,0,0.9098233696509118,0,0,0,0,"0"
21,0,0,0,1,0,0,0,0,0,0,0,0,0,0.9746636461924397,0,0,0,0,"0"
30,0,0,0,1,0,0,0,0,0,0,0,0,0,0.9491850103134344,0,0,0,0,"0"
21,0,0,0,1,0,0,0,0,0,0,0,0,0,0.9442753457587985,0,0,0,0,"1"
33,0,0,0,1,0,0,0,0,0,0,0,0,0,0.9471493276626374,0,0,0,0,"0"
22,0,0,0,1,0,0,0,0,0,0,0,0,0,0.9304803716769129,0,0,0,0,"0"
4,0,0,1,0,1,0,0,0,0,0,0,0,0,1.1588658612291007,0,0,0,0,"1"
39,0,0,0,0,1,0,0,0,0,0,0,0,0,1.1588658612291007,0,0,0,0,"1"
29.881137667304014,0,0,0,0,1,0,0,0,0,0,0,0,0,0.9153576174148317,0,0,0,0,"0"
18.5,0,0,0,0,1,0,0,0,0,0,0,0,0,0.9153576174148317,0,0,0,0,"0"
29.881137667304014,0,0,0,0,0,1,0,0,0,0,0,0,0,0.9420080530223132,0,0,0,0,"0"
29.881137667304014,0,0,0,1,0,0,0,0,0,0,0,0,0,0.9164539485499249,0,0,0,0,"0"
29.881137667304014,0,0,1,0,0,1,0,0,0,0,0,0,0,0.9420080530223132,0,0,0,0,"1"
29.881137667304014,0,0,1,0,0,1,0,0,0,0,0,0,0,0.9420080530223132,0,0,0,0,"1"
34.5,0,0,0,0,0,1,0,0,0,0,0,0,0,0.9459213546166009,0,0,0,0,"0"
44,0,0,0,1,0,0,0,0,0,0,0,0,0,0.9566485792052032,0,0,0,0,"0"
29.881137667304014,0,0,0,0,0,1,0,0,0,0,0,0,0,0.9420080530223132,0,0,0,0,"1"
29.881137667304014,0,0,0,0,1,0,0,0,0,0,0,0,0,1.1890465283525413,0.30102999566398114,0,0,0,"0"
29.881137667304014,0,0,1,0,1,0,0,0,0,0,0,0,0,1.1890465283525413,0.30102999566398114,0,0,0,"0"
29.881137667304014,0,0,0,0,0,1,0,0,0,0,0,0,0,0.9420080530223132,0.30102999566398114,0,0,0,"0"
29.881137667304014,0,0,0,0,0,1,0,0,0,0,0,0,0,0.9420080530223132,0.30102999566398114,0,0,0,"0"
29.881137667304014,0,0,0,0,0,1,0,0,0,0,0,0,0,0.9413871887537377,0,0,0,0,"0"
22,0,0,1,1,0,0,0,0,0,0,0,0,0,0.9850895069263812,0.47712125471966244,0,0,0,"0"
26,0,0,0,1,0,0,0,0,0,0,0,0,0,0.9850895069263812,0.47712125471966244,0,0,0,"0"
4,0,0,1,1,0,0,0,0,0,0,0,0,0,1.3621996388688864,0,0,0,0,"1"
29,0,0,0,1,0,0,0,0,0,0,0,0,0,1.3621996388688864,0.6020599913279623,0.6020599913279623,0,0,"1"
26,0,0,1,1,0,0,0,0,0,0,0,0,0,1.3621996388688864,0.30102999566398114,0.30102999566398114,0,0,"1"
1,0,0,1,1,0,0,0,0,0,0,0,0,0,1.1200241350229305,0.30102999566398114,0.30102999566398114,0,0,"0"
18,0,0,0,1,0,0,0,0,0,0,0,0,0,0.9471493276626374,0.30102999566398114,0.30102999566398114,0,0,"0"
36,0,0,1,1,0,0,0,0,0,0,0,0,0,1.1200241350229305,0,0,0,0,"0"
29.881137667304014,0,0,0,0,1,0,0,0,0,0,0,0,0,0.9491850103134344,0,0,0,0,"0"
25,0,0,0,0,1,0,0,0,0,0,0,1,0,0.9153576174148317,0,0,0,0,"1"
29.881137667304014,0,0,0,0,1,0,0,0,0,0,0,0,0,0.9151359066220118,0,0,0,0,"0"
37,0,0,1,1,0,0,0,0,0,0,0,0,0,1.0247934233387632,0,0,0,0,"0"
29.881137667304014,0,0,0,1,0,0,0,0,0,0,0,0,0,0.9491850103134344,0,0,0,0,"0"
29.881137667304014,0,0,0,1,0,0,0,0,0,0,0,0,0,1.75963612115147,0,0,0,0,"1"
29.881137667304014,0,0,0,1,0,0,0,0,0,0,0,0,0,1.75963612115147,0,0,0,0,"0"
22,0,0,1,1,0,0,0,0,0,0,0,0,0,0.9164539485499249,0,0,0,0,"1"
29.881137667304014,0,0,0,0,0,1,0,0,0,0,0,0,0,0.9420080530223132,0,0,0,0,"0"
26,0,0,0,1,0,0,0,0,0,0,0,0,0,1.75963612115147,0,0,0,0,"1"
29,0,0,0,1,0,0,0,0,0,0,0,0,0,1.020498014154877,0,0,0,0,"0"
29,0,0,0,1,0,0,0,0,0,0,0,0,0,0.9432471251378617,0,0,0,0,"0"
22,0,0,0,1,0,0,0,0,0,0,0,0,0,0.9432471251378617,0,0,0,0,"0"
22,0,0,0,0,1,0,0,0,0,0,0,0,0,0.9151359066220118,0,0,0,0,"1"
29.881137667304014,0,0,0,1,0,0,0,0,0,0,0,0,0,1.4226997946774695,0.6020599913279623,0.6020599913279623,0,0,"0"
29.881137667304014,0,0,1,1,0,0,0,0,0,0,0,0,0,1.4226997946774695,0.6020599913279623,0.6020599913279623,0,0,"0"
29.881137667304014,0,0,1,1,0,0,0,0,0,0,0,0,0,1.4226997946774695,0.6020599913279623,0.6020599913279623,0,0,"0"
29.881137667304014,0,0,1,1,0,0,0,0,0,0,0,0,0,1.4226997946774695,0.6020599913279623,0.6020599913279623,0,0,"0"
29.881137667304014,0,0,1,1,0,0,0,0,0,0,0,0,0,1.4226997946774695,0,0,0,0,"0"
32,0,0,0,1,0,0,0,0,0,0,0,0,0,0.9506082247842308,0,0,0,0,"0"
34.5,0,0,0,0,1,0,0,0,0,0,0,0,0,0.8714269787366058,0,0,0,0,"0"
29.881137667304014,0,0,1,0,0,1,0,0,0,0,0,0,0,1.217483944213906,0.30102999566398114,0,0,0,"0"
29.881137667304014,0,0,0,0,0,1,0,0,0,0,0,0,0,1.217483944213906,0.30102999566398114,0,0,0,"0"
36,0,0,0,1,0,0,0,0,0,0,0,0,0,0,0,0,0,0,"0"
39,0,0,0,1,0,0,0,0,0,0,0,0,0,1.4005379893919458,0,0,0,0,"0"
24,0,0,0,1,0,0,0,0,0,0,0,0,0,1.021189299069938,0,0,0,0,"0"
25,0,0,1,1,0,0,0,0,0,0,0,0,0,0.9432471251378617,0,0,0,0,"0"
45,0,0,1,1,0,0,0,0,0,0,0,0,0,0.9420080530223132,0,0,0,0,"0"
36,0,0,0,1,0,0,0,0,0,0,0,0,0,1.2187979981117374,0.30102999566398114,0,0,0,"0"
30,0,0,1,1,0,0,0,0,0,0,0,0,0,1.2187979981117374,0.30102999566398114,0,0,0,"0"
20,0,0,0,1,0,0,0,0,0,0,0,0,0,0.9506082247842308,0.30102999566398114,0,0,0,"1"
29.881137667304014,0,0,0,0,0,1,0,0,0,0,0,0,0,0.948373838387079,0,0,0,0,"0"
28,0,0,0,1,0,0,0,0,0,0,0,0,0,1.75963612115147,0,0,0,0,"0"
29.881137667304014,0,0,0,1,0,0,0,0,0,0,0,0,0,0.9319661147281726,0,0,0,0,"0"
30,0,0,0,1,0,0,0,0,0,0,0,0,0,1.2329961103921538,0.30102999566398114,0,0,0,"0"
26,0,0,1,1,0,0,0,0,0,0,0,0,0,1.2329961103921538,0.30102999566398114,0,0,0,"0"
29.881137667304014,0,0,0,1,0,0,0,0,0,0,0,0,0,0.948373838387079,0,0,0,0,"0"
20.5,0,0,0,1,0,0,0,0,0,0,0,0,0,0.9164539485499249,0,0,0,0,"0"
27,0,0,0,1,0,0,0,0,0,0,0,0,0,0.9850895069263812,0,0,0,0,"1"
51,0,0,0,1,0,0,0,0,0,0,0,0,0,0.9060224097037372,0,0,0,0,"0"
23,0,0,1,1,0,0,0,0,0,0,0,0,0,0.9471493276626374,0,0,0,0,"1"
32,0,0,0,1,0,0,0,0,0,0,0,0,0,0.9334467923027854,0,0,0,0,"1"
29.881137667304014,0,0,0,1,0,0,0,0,0,0,0,0,0,0.9491850103134344,0,0,0,0,"0"
29.881137667304014,0,0,0,1,0,0,0,0,0,0,0,0,0,0.9319661147281726,0,0,0,0,"0"
29.881137667304014,0,0,1,0,0,1,0,0,0,0,0,0,0,0.9420080530223132,0,0,0,0,"1"
24,0,0,0,1,0,0,0,0,0,0,0,0,0,0.9107150957411293,0,0,0,0,"1"
22,0,0,0,1,0,0,0,0,0,0,0,0,0,0.9098233696509118,0,0,0,0,"0"
29.881137667304014,0,0,1,0,0,1,0,0,0,0,0,0,0,0.948373838387079,0,0,0,0,"0"
29.881137667304014,0,0,0,0,0,1,0,0,0,0,0,0,0,0.9420080530223132,0,0,0,0,"0"
29.881137667304014,0,0,0,1,0,0,0,0,0,0,0,0,0,0.9566485792052032,0,0,0,0,"0"
29,0,0,0,1,0,0,0,0,0,0,0,0,0,0.9506082247842308,0,0,0,0,"0"
29.881137667304014,0,0,0,0,1,0,0,0,0,0,0,0,0,0.9153576174148317,0,0,0,0,"1"
30.5,0,0,1,0,0,1,0,0,0,0,0,0,0,0.9420080530223132,0,0,0,0,"0"
29.881137667304014,0,0,1,0,0,1,0,0,0,0,0,0,0,0.9413871887537377,0,0,0,0,"1"
29.881137667304014,0,0,0,0,1,0,0,0,0,0,0,1,0,0.9153576174148317,0,0,0,0,"0"
35,0,0,0,0,1,0,0,0,0,0,0,0,0,0.9491850103134344,0,0,0,0,"0"
33,0,0,0,1,0,0,0,0,0,0,0,0,0,0.9491850103134344,0,0,0,0,"0"
29.881137667304014,0,0,1,0,1,0,0,0,0,0,0,0,0,0.9151359066220118,0,0,0,0,"1"
29.881137667304014,0,0,0,0,1,0,0,0,0,0,0,0,0,0.9491850103134344,0,0,0,0,"0"
29.881137667304014,0,0,1,0,0,1,0,0,0,0,0,0,0,0.9420080530223132,0,0,0,0,"1"
29.881137667304014,0,0,0,0,0,1,0,0,0,0,0,0,0,0.9420080530223132,0,0,0,0,"1"
29.881137667304014,0,0,1,0,0,1,0,0,0,0,0,0,0,1.3847117429382823,0.47712125471966244,0,0,0,"1"
29.881137667304014,0,0,1,0,0,1,0,0,0,0,0,0,0,1.3847117429382823,0.47712125471966244,0,0,0,"1"
29.881137667304014,0,0,0,0,0,1,0,0,0,0,0,0,0,1.3847117429382823,0.47712125471966244,0,0,0,"1"
29.881137667304014,0,0,1,0,0,1,0,0,0,0,0,0,0,0.9438653380278803,0,0,0,0,"1"
29.881137667304014,0,0,0,0,0,1,0,0,0,0,0,0,0,1.217483944213906,0,0,0,0,"0"
29.881137667304014,0,0,1,0,0,1,0,0,0,0,0,0,0,0.948373838387079,0,0,0,0,"1"
15,0,0,1,0,0,1,0,0,0,0,0,0,0,0.9556492729074467,0,0,0,0,"1"
35,0,0,1,0,0,1,0,0,0,0,0,0,0,0.9420080530223132,0,0,0,0,"0"
29.881137667304014,0,0,0,0,0,1,0,0,0,0,0,0,0,0.9420080530223132,0,0,0,0,"0"
24,0,0,0,1,0,0,0,0,0,0,0,0,0,1.2329961103921538,0.30102999566398114,0,0,0,"0"
19,0,0,1,1,0,0,0,0,0,0,0,0,0,1.2329961103921538,0.30102999566398114,0,0,0,"0"
29.881137667304014,0,0,1,0,0,1,0,0,0,0,0,0,0,0.9420080530223132,0,0,0,0,"0"
29.881137667304014,0,0,1,1,0,0,0,0,0,0,0,0,0,0.9566485792052032,0,0,0,0,"0"
29.881137667304014,0,0,1,1,0,0,0,0,0,0,0,0,0,0.9566485792052032,0,0,0,0,"0"
55.5,0,0,0,1,0,0,0,0,0,0,0,0,0,0.9566485792052032,0,0,0,0,"0"
29.881137667304014,0,0,0,0,0,1,0,0,0,0,0,0,0,0.9420080530223132,0,0,0,0,"0"
21,0,0,0,1,0,0,0,0,0,0,0,0,0,0.9432471251378617,0,0,0,0,"1"
29.881137667304014,0,0,0,1,0,0,0,0,0,0,0,0,0,0.9566485792052032,0,0,0,0,"0"
24,0,0,0,1,0,0,0,0,0,0,0,0,0,0.9491850103134344,0,0,0,0,"0"
21,0,0,0,1,0,0,0,0,0,0,0,0,0,0.9491850103134344,0,0,0,0,"0"
28,0,0,0,1,0,0,0,0,0,0,0,0,0,0.9491850103134344,0,0,0,0,"0"
29.881137667304014,0,0,0,1,0,0,0,0,0,0,0,0,0,0.9491850103134344,0,0,0,0,"0"
29.881137667304014,0,0,1,0,0,1,0,0,0,0,0,0,0,0.948373838387079,0,0,0,0,"1"
25,0,0,0,1,0,0,0,0,0,0,0,1,0,0.9370161074648141,0,0,0,0,"0"
6,0,0,0,1,0,0,0,0,1,0,0,0,0,1.1295287738587763,0,0,0,0,"1"
27,0,0,1,1,0,0,0,0,1,0,0,0,0,1.1295287738587763,0,0,0,0,"1"
29.881137667304014,0,0,0,1,0,0,0,0,0,0,0,0,0,0.9566485792052032,0,0,0,0,"0"
29.881137667304014,0,0,1,0,0,1,0,0,0,0,0,0,0,1.4005379893919458,0.30102999566398114,0,0,0,"1"
29.881137667304014,0,0,0,0,0,1,0,0,0,0,0,0,0,1.4005379893919458,0.30102999566398114,0,0,0,"0"
29.881137667304014,0,0,0,0,0,1,0,0,0,0,0,0,0,0.9758130849255793,0,0,0,0,"0"
34,0,0,0,1,0,0,0,0,0,0,0,0,0,0.9566485792052032,0,0,0,0,"0"
29.881137667304014,0,0,0,0,0,1,0,0,0,0,0,0,0,0.9420080530223132,0,0,0,0,"0"
29.881137667304014,0,0,0,1,0,0,0,0,0,0,0,0,0,0.9432471251378617,0,0,0,0,"1"
29.881137667304014,0,0,0,0,1,0,0,0,0,0,0,0,0,1.2107411023865053,0.30102999566398114,0.30102999566398114,0,0,"1"
29.881137667304014,0,0,0,0,1,0,0,0,0,0,0,0,0,1.2107411023865053,0.30102999566398114,0.30102999566398114,0,0,"1"
29.881137667304014,0,0,1,0,1,0,0,0,0,0,0,0,0,1.2107411023865053,0,0,0,0,"1"
29.881137667304014,0,0,1,0,1,0,0,0,0,0,0,0,0,0.9153576174148317,0,0,0,0,"1"
29.881137667304014,0,0,0,1,0,0,0,0,0,0,0,0,0,0.9566485792052032,0,0,0,0,"0"
29.881137667304014,0,0,1,0,0,1,0,0,0,0,0,0,0,0.9411783789843932,0,0,0,0,"1"
24,0,0,1,0,0,1,0,0,0,0,0,0,0,0.9420080530223132,0,0,0,0,"1"
29.881137667304014,0,0,0,1,0,0,0,0,0,0,0,0,0,0.9566485792052032,0,0,0,0,"0"
29.881137667304014,0,0,1,0,0,1,0,0,0,0,0,0,0,1.217483944213906,0.30102999566398114,0,0,0,"1"
29.881137667304014,0,0,1,0,0,1,0,0,0,0,0,0,0,1.217483944213906,0.30102999566398114,0,0,0,"1"
29.881137667304014,0,0,1,0,0,1,0,0,0,0,0,0,0,1.217483944213906,0,0,0,0,"1"
18,0,0,0,1,0,0,0,0,0,0,0,0,0,0.9420080530223132,0,0,0,0,"0"
22,0,0,0,1,0,0,0,0,0,0,0,0,0,0.9491850103134344,0,0,0,0,"0"
15,0,0,1,0,1,0,0,0,0,0,0,0,0,0.9151359066220118,0,0,0,0,"1"
1,0,0,1,0,1,0,0,0,0,0,0,0,0,1.2237995553975871,0,0,0,0,"1"
20,0,0,0,0,1,0,0,0,0,0,0,0,0,1.2237995553975871,0.30102999566398114,0.30102999566398114,0,0,"1"
19,0,0,1,0,1,0,0,0,0,0,0,0,0,1.2237995553975871,0.30102999566398114,0.30102999566398114,0,0,"1"
33,0,0,0,1,0,0,0,0,0,0,0,0,0,0.9566485792052032,0,0,0,0,"0"
29.881137667304014,0,0,0,1,0,0,0,0,0,0,0,0,0,0.9491850103134344,0,0,0,0,"0"
29.881137667304014,0,0,0,0,1,0,0,0,0,0,0,0,0,0.9153576174148317,0,0,0,0,"0"
29.881137667304014,0,0,1,0,0,1,0,0,0,0,0,0,0,0.9420080530223132,0,0,0,0,"0"
29.881137667304014,0,0,0,1,0,0,0,0,0,0,0,0,0,0.9491850103134344,0,0,0,0,"0"
12,0,0,0,0,1,0,0,0,0,0,0,0,0,1.0878417322991751,0.30102999566398114,0,0,0,"1"
14,0,0,1,0,1,0,0,0,0,0,0,0,0,1.0878417322991751,0.30102999566398114,0,0,0,"1"
29,0,0,1,1,0,0,0,0,0,0,0,0,0,0.9506082247842308,0,0,0,0,"0"
28,0,0,0,1,0,0,0,0,0,0,0,0,0,0.9566485792052032,0,0,0,0,"0"
18,0,0,1,1,0,0,0,0,0,0,0,0,0,0.9432471251378617,0,0,0,0,"1"
26,0,0,1,1,0,0,0,0,0,0,0,0,0,0.9471493276626374,0,0,0,0,"1"
21,0,0,0,1,0,0,0,0,0,0,0,0,0,0.9471493276626374,0,0,0,0,"0"
41,0,0,0,1,0,0,0,0,0,0,0,0,0,0.9098233696509118,0,0,0,0,"0"
39,0,0,0,1,0,0,0,0,0,0,0,0,0,0.9506082247842308,0,0,0,0,"1"
21,0,0,0,1,0,0,0,0,0,0,0,0,0,0.9444826721501686,0,0,0,0,"0"
28.5,0,0,0,0,1,0,0,0,0,0,0,0,0,0.9153576174148317,0,0,0,0,"0"
22,0,0,1,1,0,0,0,0,0,0,0,0,0,0.9420080530223132,0,0,0,0,"1"
61,0,0,0,1,0,0,0,0,0,0,0,0,0,0.8595885767354925,0,0,0,0,"0"
29.881137667304014,0,0,0,0,0,1,0,0,0,0,0,0,0,1.217483944213906,0.30102999566398114,0,0,0,"0"
29.881137667304014,0,0,0,0,0,1,0,0,0,0,0,0,0,0.9459213546166009,0,0,0,0,"0"
29.881137667304014,0,0,1,0,0,1,0,0,0,0,0,0,0,1.217483944213906,0.30102999566398114,0,0,0,"1"
29.881137667304014,0,0,0,0,0,1,0,0,0,0,0,0,0,0.9411783789843932,0,0,0,0,"0"
29.881137667304014,0,0,0,0,0,1,0,0,0,0,0,0,0,0.9420080530223132,0,0,0,0,"0"
29.881137667304014,0,0,0,0,0,1,0,0,0,0,0,0,0,0.9420080530223132,0,0,0,0,"0"
23,0,0,0,1,0,0,0,0,0,0,0,0,0,1.0096633166793794,0,0,0,0,"0"
29.881137667304014,0,0,1,0,0,1,0,0,0,0,0,0,0,0.9420080530223132,0,0,0,0,"0"
29.881137667304014,0,0,1,0,0,1,0,0,0,0,0,0,0,0.9420080530223132,0,0,0,0,"1"
29.881137667304014,0,0,1,0,0,1,0,0,0,0,0,0,0,0.948373838387079,0,0,0,0,"1"
22,0,0,1,1,0,0,0,0,0,0,0,0,0,0.9432471251378617,0,0,0,0,"1"
29.881137667304014,0,0,0,0,0,1,0,0,0,0,0,0,0,0.9420080530223132,0,0,0,0,"1"
29.881137667304014,0,0,1,0,0,1,0,0,0,0,0,0,0,0.9459213546166009,0,0,0,0,"1"
9,0,0,0,1,0,0,0,0,0,0,0,0,0,0.6202193648688725,0,0,0,0,"1"
28,0,0,0,1,0,0,0,0,0,0,0,0,0,1.3715296320992945,0,0,0,0,"0"
42,0,0,0,1,0,0,0,0,0,0,0,0,0,0.9733218567324377,0,0,0,0,"0"
29.881137667304014,0,0,0,1,0,0,0,0,0,0,0,0,0,0.919731658311161,0,0,0,0,"0"
31,0,0,1,1,0,0,0,0,0,0,0,0,0,0.9471493276626374,0,0,0,0,"0"
28,0,0,0,1,0,0,0,0,0,0,0,0,0,0.9471493276626374,0,0,0,0,"0"
32,0,0,0,1,0,0,0,0,0,0,0,0,0,0.9432471251378617,0,0,0,0,"1"
20,0,0,0,1,0,0,0,0,0,0,0,0,0,1.0096633166793794,0,0,0,0,"0"
23,0,0,1,1,0,0,0,0,0,0,0,0,0,0.9850895069263812,0,0,0,0,"0"
20,0,0,1,1,0,0,0,0,0,0,0,0,0,0.9850895069263812,0,0,0,0,"0"
20,0,0,0,1,0,0,0,0,0,0,0,0,0,0.9850895069263812,0,0,0,0,"0"
16,0,0,0,1,0,0,0,0,0,0,0,0,0,1.0093106410801984,0,0,0,0,"0"
31,0,0,1,1,0,0,0,0,0,0,0,0,0,0.9860233870145032,0,0,0,0,"1"
29.881137667304014,0,0,1,0,0,1,0,0,0,0,0,0,0,0.9359705348009411,0,0,0,0,"0"
2,0,0,0,1,0,0,0,0,0,0,0,0,0,1.343900712249606,0.6020599913279623,0.6020599913279623,0,0,"0"
6,0,0,0,1,0,0,0,0,0,0,0,0,0,1.343900712249606,0.6020599913279623,0.6020599913279623,0,0,"0"
3,0,0,1,1,0,0,0,0,0,0,0,0,0,1.343900712249606,0.6020599913279623,0.6020599913279623,0,0,"0"
8,0,0,1,1,0,0,0,0,0,0,0,0,0,1.343900712249606,0.6020599913279623,0.6020599913279623,0,0,"0"
29,0,0,1,1,0,0,0,0,0,0,0,0,0,1.343900712249606,0,0,0,0,"0"
1,0,0,0,1,0,0,0,0,0,0,0,0,0,1.6094610059122672,0.6989700043360187,0.6989700043360187,0,0,"0"
7,0,0,0,1,0,0,0,0,0,0,0,0,0,1.6094610059122672,0.6989700043360187,0.6989700043360187,0,0,"0"
2,0,0,0,1,0,0,0,0,0,0,0,0,0,1.6094610059122672,0.6989700043360187,0.6989700043360187,0,0,"0"
16,0,0,0,1,0,0,0,0,0,0,0,0,0,1.6094610059122672,0.6989700043360187,0.6989700043360187,0,0,"0"
14,0,0,0,1,0,0,0,0,0,0,0,0,0,1.6094610059122672,0.6989700043360187,0.6989700043360187,0,0,"0"
41,0,0,1,1,0,0,0,0,0,0,0,0,0,1.6094610059122672,0,0,0,0,"0"
21,0,0,0,1,0,0,0,0,0,0,0,0,0,0.9850895069263812,0,0,0,0,"0"
19,0,0,0,1,0,0,0,0,0,0,0,0,0,1.1903316981702914,0,0,0,0,"0"
29.881137667304014,0,0,0,0,1,0,0,0,0,0,0,0,0,0.9873310318089705,0,0,0,0,"0"
32,0,0,0,1,0,0,0,0,0,0,0,0,0,0.9491850103134344,0,0,0,0,"0"
0.75,0,0,0,1,0,0,0,0,0,0,0,0,0,1.1695274895532928,0.30102999566398114,0.30102999566398114,0,0,"0"
3,0,0,1,1,0,0,0,0,0,0,0,0,0,1.1695274895532928,0.30102999566398114,0.30102999566398114,0,0,"0"
26,0,0,1,1,0,0,0,0,0,0,0,0,0,1.1695274895532928,0,0,0,0,"0"
29.881137667304014,0,0,0,1,0,0,0,0,0,0,0,0,0,0.9030899869919434,0,0,0,0,"0"
29.881137667304014,0,0,0,1,0,0,0,0,0,0,0,0,0,0.9432471251378617,0,0,0,0,"0"
29.881137667304014,0,0,0,1,0,0,0,0,0,0,0,0,0,0.9566485792052032,0,0,0,0,"0"
21,0,0,0,1,0,0,0,0,0,0,0,0,0,0.9506082247842308,0,0,0,0,"0"
25,0,0,0,1,0,0,0,0,0,0,0,0,0,0.9506082247842308,0,0,0,0,"0"
22,0,0,0,1,0,0,0,0,0,0,0,0,0,0.9164539485499249,0,0,0,0,"0"
25,0,0,0,1,0,0,0,0,0,0,0,0,0,0.9432471251378617,0.30102999566398114,0,0,0,"1"
29.881137667304014,0,0,0,0,1,0,0,0,0,0,0,0,0,1.3684412319555557,0.30102999566398114,0.30102999566398114,0,0,"1"
29.881137667304014,0,0,1,0,1,0,0,0,0,0,0,1,0,1.3684412319555557,0.30102999566398114,0.30102999566398114,0,0,"1"
29.881137667304014,0,0,1,0,1,0,0,0,0,0,0,0,0,1.3684412319555557,0,0,0,0,"1"
29.881137667304014,0,0,1,0,0,1,0,0,0,0,0,0,0,0.9608273899659168,0,0,0,0,"0"
24,0,0,0,1,0,0,0,0,0,0,0,0,0,0.9566485792052032,0,0,0,0,"0"
28,0,0,1,1,0,0,0,0,0,0,0,0,0,0.9491850103134344,0,0,0,0,"0"
19,0,0,0,1,0,0,0,0,0,0,0,0,0,0.9491850103134344,0,0,0,0,"0"
29.881137667304014,0,0,0,1,0,0,0,0,0,0,0,0,0,0.9491850103134344,0,0,0,0,"0"
25,0,0,0,1,0,0,0,0,0,0,0,0,0,0.9432471251378617,0.30102999566398114,0,0,0,"0"
18,0,0,1,1,0,0,0,0,0,0,0,0,0,0.9432471251378617,0,0,0,0,"0"
32,0,0,0,1,0,0,0,0,1,0,0,0,0,0.9566485792052032,0,0,0,0,"1"
29.881137667304014,0,0,0,1,0,0,0,0,0,0,0,0,0,0.9491850103134344,0,0,0,0,"0"
17,0,0,0,1,0,0,0,0,0,0,0,0,0,0.9850895069263812,0,0,0,0,"0"
24,0,0,0,1,0,0,0,0,0,0,0,0,0,0.9850895069263812,0,0,0,0,"0"
29.881137667304014,0,0,0,1,0,0,0,0,0,0,0,0,0,0.9491850103134344,0,0,0,0,"0"
29.881137667304014,0,0,1,1,0,0,0,0,0,0,0,0,0,0.959637541326031,0,0,0,0,"0"
29.881137667304014,0,0,0,0,1,0,0,0,0,0,0,0,0,0.9153576174148317,0,0,0,0,"0"
29.881137667304014,0,0,0,1,0,0,0,0,0,0,0,0,0,0.9164539485499249,0,0,0,0,"0"
38,0,0,0,1,0,0,0,0,0,0,0,0,0,0.9491850103134344,0,0,0,0,"0"
21,0,0,0,1,0,0,0,0,0,0,0,0,0,0.9566485792052032,0,0,0,0,"0"
10,0,0,0,0,0,1,0,0,0,0,0,0,0,1.4789270555829246,0.6989700043360187,0.6989700043360187,0,0,"0"
4,0,0,0,0,0,1,0,0,0,0,0,0,0,1.4789270555829246,0.6989700043360187,0.6989700043360187,0,0,"0"
7,0,0,0,0,0,1,0,0,0,0,0,0,0,1.4789270555829246,0.6989700043360187,0.6989700043360187,0,0,"0"
2,0,0,0,0,0,1,0,0,0,0,0,0,0,1.4789270555829246,0.6989700043360187,0.6989700043360187,0,0,"0"
8,0,0,0,0,0,1,0,0,0,0,0,0,0,1.4789270555829246,0.6989700043360187,0.6989700043360187,0,0,"0"
39,0,0,1,0,0,1,0,0,0,0,0,0,0,1.4789270555829246,0,0,0,0,"0"
22,0,0,1,1,0,0,0,0,0,0,0,0,0,1.6094610059122672,0,0,0,0,"0"
35,0,0,0,1,0,0,0,0,0,0,0,0,0,0.9098233696509118,0,0,0,0,"0"
29.881137667304014,0,0,1,0,0,1,0,0,0,0,0,0,0,0.940556326635444,0,0,0,0,"1"
29.881137667304014,0,0,0,1,0,0,0,0,0,0,0,0,0,1.1903316981702914,0,0,0,0,"0"
29.881137667304014,0,0,1,1,0,0,0,0,0,0,0,0,0,1.1903316981702914,0,0,0,0,"0"
50,0,0,0,1,0,0,0,0,0,0,0,0,0,1.1903316981702914,0.30102999566398114,0,0,0,"0"
47,0,0,1,1,0,0,0,0,0,0,0,0,0,1.1903316981702914,0.30102999566398114,0,0,0,"0"
29.881137667304014,0,0,0,1,0,0,0,0,0,0,0,0,0,0.9566485792052032,0,0,0,0,"0"
29.881137667304014,0,0,0,1,0,0,0,0,0,0,0,0,0,0.9432471251378617,0,0,0,0,"0"
2,0,0,1,1,0,0,0,0,0,0,0,0,0,1.326591855325732,0.30102999566398114,0.30102999566398114,0,0,"0"
18,0,0,0,1,0,0,0,0,0,0,0,0,0,1.326591855325732,0.30102999566398114,0.30102999566398114,0,0,"0"
41,0,0,1,1,0,0,0,0,0,0,0,0,0,1.326591855325732,0,0,0,0,"0"
29.881137667304014,0,0,1,1,0,0,0,0,0,0,0,0,0,0.9566485792052032,0,0,0,0,"1"
50,0,0,0,1,0,0,0,0,0,0,0,0,0,0.9566485792052032,0,0,0,0,"0"
16,0,0,0,1,0,0,0,0,0,0,0,0,0,0.9566485792052032,0,0,0,0,"0"
29.881137667304014,0,0,0,0,0,1,0,0,0,0,0,0,0,0.9420080530223132,0,0,0,0,"1"
29.881137667304014,0,0,0,0,0,1,0,0,0,0,0,0,0,1.4005379893919458,0,0,0,0,"0"
29.881137667304014,0,0,0,0,1,0,0,0,0,0,0,0,0,0.9153576174148317,0,0,0,0,"0"
25,0,0,0,0,1,0,0,0,0,0,0,0,0,0.9151359066220118,0,0,0,0,"0"
29.881137667304014,0,0,0,0,1,0,0,0,0,0,0,0,0,0.9151359066220118,0,0,0,0,"0"
29.881137667304014,0,0,0,0,0,1,0,0,0,0,0,0,0,0.9409744439912912,0,0,0,0,"0"
29.881137667304014,0,0,0,1,0,0,0,0,0,0,0,0,0,0.933234128714808,0,0,0,0,"0"
38.5,0,0,0,1,0,0,0,0,0,0,0,0,0,0.9164539485499249,0,0,0,0,"0"
29.881137667304014,0,0,0,1,0,0,0,0,0,0,0,0,0,1.8484970180903666,0.9542425094393249,0.9542425094393249,0,0,"0"
14.5,0,0,0,1,0,0,0,0,0,0,0,0,0,1.8484970180903666,0.9542425094393249,0.9542425094393249,0,0,"0"
29.881137667304014,0,0,1,1,0,0,0,0,0,0,0,0,0,1.8484970180903666,0.9542425094393249,0.9542425094393249,0,0,"0"
29.881137667304014,0,0,1,1,0,0,0,0,0,0,0,0,0,1.8484970180903666,0.9542425094393249,0.9542425094393249,0,0,"0"
29.881137667304014,0,0,1,1,0,0,0,0,0,0,0,0,0,1.8484970180903666,0.9542425094393249,0.9542425094393249,0,0,"0"
29.881137667304014,0,0,1,1,0,0,0,0,0,0,0,0,0,1.8484970180903666,0.9542425094393249,0.9542425094393249,0,0,"0"
29.881137667304014,0,0,0,1,0,0,0,0,0,0,0,0,0,1.8484970180903666,0.9542425094393249,0.9542425094393249,0,0,"0"
29.881137667304014,0,0,0,1,0,0,0,0,0,0,0,0,0,1.8484970180903666,0.9542425094393249,0.9542425094393249,0,0,"0"
29.881137667304014,0,0,0,1,0,0,0,0,0,0,0,0,0,1.8484970180903666,0.9542425094393249,0.9542425094393249,0,0,"0"
29.881137667304014,0,0,0,1,0,0,0,0,0,0,0,0,0,1.8484970180903666,0.30102999566398114,0.30102999566398114,0,0,"0"
29.881137667304014,0,0,1,1,0,0,0,0,0,0,0,0,0,1.8484970180903666,0.30102999566398114,0.30102999566398114,0,0,"0"
24,0,0,0,1,0,0,0,0,0,0,0,0,0,1.0138900603284386,0,0,0,0,"0"
21,0,0,1,1,0,0,0,0,0,0,0,0,0,0.9370161074648141,0,0,0,0,"1"
39,0,0,0,1,0,0,0,0,0,0,0,0,0,0.9506082247842308,0,0,0,0,"0"
29.881137667304014,0,0,0,0,1,0,0,0,0,0,0,0,0,1.3556277309213416,0.47712125471966244,0,0,0,"0"
29.881137667304014,0,0,0,0,1,0,0,0,0,0,0,0,0,1.3556277309213416,0.47712125471966244,0,0,0,"0"
29.881137667304014,0,0,0,0,1,0,0,0,0,0,0,0,0,1.3556277309213416,0.47712125471966244,0,0,0,"0"
1,0,0,1,1,0,0,0,0,0,0,0,0,1,1.2479732663618064,0.30102999566398114,0.30102999566398114,0,0,"1"
24,0,0,1,1,0,0,0,0,0,0,0,0,1,1.2479732663618064,0,0,0,0,"1"
4,0,0,1,1,0,0,0,0,0,0,0,0,1,1.2479732663618064,0.30102999566398114,0.30102999566398114,0,0,"1"
25,0,0,0,1,0,0,0,0,0,0,0,0,0,1.021189299069938,0,0,0,0,"1"
20,0,0,0,1,0,0,0,0,0,0,0,0,0,0.9566485792052032,0,0,0,0,"0"
24.5,0,0,0,1,0,0,0,0,0,0,0,0,0,0.9566485792052032,0,0,0,0,"0"
29.881137667304014,0,0,0,0,0,1,0,0,0,0,0,0,0,0.9407654356312174,0,0,0,0,"0"
29.881137667304014,0,0,0,1,0,0,0,0,0,0,0,0,0,0.9491850103134344,0,0,0,0,"0"
29.881137667304014,0,0,0,0,0,1,0,0,0,0,0,0,0,0.9420080530223132,0,0,0,0,"0"
29,0,0,0,1,0,0,0,0,0,0,0,0,0,1.021189299069938,0,0,0,0,"1"
29.881137667304014,0,0,0,1,0,0,0,0,0,0,0,0,0,1.2068258760318495,0,0,0,0,"0"
29.881137667304014,0,0,1,0,0,1,0,0,0,0,0,0,0,0.943454942852004,0,0,0,0,"1"
29.881137667304014,0,0,0,1,0,0,0,0,0,0,0,0,0,0.9566485792052032,0,0,0,0,"0"
29.881137667304014,0,0,0,1,0,0,0,0,0,0,0,0,0,0.9566485792052032,0,0,0,0,"0"
22,0,0,0,0,1,0,0,0,0,0,0,0,0,0.9153576174148317,0,0,0,0,"0"
29.881137667304014,0,0,0,1,0,0,0,0,0,0,0,0,0,0.9566485792052032,0,0,0,0,"0"
40,0,0,0,1,0,0,0,0,0,0,0,0,0,0.9491850103134344,0,0,0,0,"0"
21,0,0,0,1,0,0,0,0,0,0,0,0,0,0.9506082247842308,0,0,0,0,"0"
18,0,0,1,1,0,0,0,0,0,0,0,0,0,0.9292042801123058,0,0,0,0,"1"
4,0,0,0,1,0,0,0,0,0,0,0,0,0,1.4608978427565478,0.6020599913279623,0.6020599913279623,0,0,"0"
10,0,0,0,1,0,0,0,0,0,0,0,0,0,1.4608978427565478,0.6020599913279623,0.6020599913279623,0,0,"0"
9,0,0,1,1,0,0,0,0,0,0,0,0,0,1.4608978427565478,0.6020599913279623,0.6020599913279623,0,0,"0"
2,0,0,1,1,0,0,0,0,0,0,0,0,0,1.4608978427565478,0.6020599913279623,0.6020599913279623,0,0,"0"
40,0,0,0,1,0,0,0,0,0,0,0,0,0,1.4608978427565478,0.30102999566398114,0.30102999566398114,0,0,"0"
45,0,0,1,1,0,0,0,0,0,0,0,0,0,1.4608978427565478,0.30102999566398114,0.30102999566398114,0,0,"0"
29.881137667304014,0,0,0,1,0,0,0,0,0,0,0,0,0,0.9491850103134344,0,0,0,0,"0"
29.881137667304014,0,0,0,1,0,0,0,0,0,0,0,0,0,0.9566485792052032,0,0,0,0,"0"
29.881137667304014,0,0,0,1,0,0,0,0,0,0,0,0,0,0.9850895069263812,0,0,0,0,"0"
29.881137667304014,0,0,0,0,0,1,0,0,0,0,0,0,0,0.9420080530223132,0,0,0,0,"0"
29.881137667304014,0,0,1,0,0,1,0,0,0,0,0,0,0,0.9411783789843932,0,0,0,0,"1"
19,0,0,0,1,0,0,0,0,0,0,0,1,0,0.9370161074648141,0,0,0,0,"0"
30,0,0,0,1,0,0,0,0,0,0,0,0,0,0.9566485792052032,0,0,0,0,"0"
29.881137667304014,0,0,0,1,0,0,0,0,0,0,0,0,0,0.9566485792052032,0,0,0,0,"0"
32,0,0,0,1,0,0,0,0,0,0,0,0,0,0.9566485792052032,0,0,0,0,"0"
29.881137667304014,0,0,0,1,0,0,0,0,0,0,0,0,0,0.9491850103134344,0,0,0,0,"0"
33,0,0,0,0,1,0,0,0,0,0,0,0,0,0.9850895069263812,0,0,0,0,"0"
23,0,0,1,1,0,0,0,0,0,0,0,0,0,0.9319661147281726,0,0,0,0,"1"
21,0,0,0,1,0,0,0,0,0,0,0,0,0,0.9566485792052032,0,0,0,0,"0"
60.5,0,0,0,1,0,0,0,0,0,0,0,0,0,1.5352368765279147,0,0,0,0,"0"
19,0,0,0,1,0,0,0,0,0,0,0,0,0,0.9491850103134344,0,0,0,0,"0"
22,0,0,1,1,0,0,0,0,0,0,0,0,0,1.0349291104842666,0,0,0,0,"0"
31,0,0,0,1,0,0,0,0,0,0,0,0,0,0.9506082247842308,0,0,0,0,"1"
27,0,0,0,1,0,0,0,0,0,0,0,0,0,0.9850895069263812,0,0,0,0,"0"
2,0,0,1,1,0,0,0,0,0,0,0,0,1,1.0592793486780774,0,0,0,0,"0"
29,0,0,1,1,0,0,0,0,0,0,0,0,1,1.0592793486780774,0.30102999566398114,0.30102999566398114,0,0,"0"
16,0,0,0,1,0,0,0,0,0,0,0,0,0,0.9566485792052032,0,0,0,0,"1"
44,0,0,0,1,0,0,0,0,0,0,0,0,0,0.9506082247842308,0,0,0,0,"1"
25,0,0,0,1,0,0,0,0,0,0,0,0,0,0.9057958803678685,0,0,0,0,"0"
74,0,0,0,1,0,0,0,0,0,0,0,0,0,0.9432471251378617,0,0,0,0,"0"
14,0,0,0,1,0,0,0,0,0,0,0,0,0,1.0096633166793794,0,0,0,0,"1"
24,0,0,0,1,0,0,0,0,0,0,0,0,0,0.9442753457587985,0,0,0,0,"0"
25,0,0,0,1,0,0,0,0,0,0,0,0,0,0.9442753457587985,0,0,0,0,"1"
34,0,0,0,1,0,0,0,0,0,0,0,0,0,0.9566485792052032,0,0,0,0,"0"
0.42,0,0,0,0,1,0,0,0,0,0,0,0,0,0.9784863790311057,0,0,0,0,"1"
29.881137667304014,0,0,0,0,1,0,0,0,0,0,0,0,0,0.8714269787366058,0.30102999566398114,0,0,0,"0"
29.881137667304014,0,0,0,0,1,0,0,0,0,0,0,0,0,0.8714269787366058,0,0,0,0,"0"
29.881137667304014,0,0,0,0,1,0,0,0,0,0,0,0,0,0.9151359066220118,0,0,0,0,"0"
16,0,0,1,0,1,0,0,0,0,0,0,0,0,0.9784863790311057,0.30102999566398114,0.30102999566398114,0,0,"1"
29.881137667304014,0,0,0,1,0,0,0,0,0,0,0,0,0,0.9566485792052032,0,0,0,0,"0"
29.881137667304014,0,0,0,1,0,0,0,0,0,0,0,0,0,1.2329961103921538,0.30102999566398114,0,0,0,"0"
29.881137667304014,0,0,1,1,0,0,0,0,0,0,0,0,0,1.2329961103921538,0.30102999566398114,0,0,0,"1"
32,0,0,0,1,0,0,0,0,0,0,0,0,0,0.9506082247842308,0,0,0,0,"0"
29.881137667304014,0,0,0,0,0,1,0,0,0,0,0,1,0,0.9420080530223132,0,0,0,0,"0"
29.881137667304014,0,0,0,1,0,0,0,0,0,0,0,0,0,0.9491850103134344,0,0,0,0,"0"
30.5,0,0,0,1,0,0,0,0,0,0,0,0,0,0.9566485792052032,0,0,0,0,"0"
44,0,0,0,1,0,0,0,0,0,0,0,0,0,0.9566485792052032,0,0,0,0,"0"
29.881137667304014,0,0,0,0,1,0,0,0,0,0,0,0,0,0.9153576174148317,0,0,0,0,"0"
25,0,0,0,1,0,0,0,0,0,0,0,0,0,0,0,0,0,0,"1"
29.881137667304014,0,0,0,0,1,0,0,0,0,0,0,0,0,0.9153576174148317,0,0,0,0,"0"
7,0,0,0,0,1,0,0,0,0,0,0,0,0,1.2107411023865053,0.30102999566398114,0.30102999566398114,0,0,"1"
9,0,0,1,0,1,0,0,0,0,0,0,0,0,1.2107411023865053,0.30102999566398114,0.30102999566398114,0,0,"1"
29,0,0,1,0,1,0,0,0,0,0,0,0,0,1.2107411023865053,0,0,0,0,"1"
36,0,0,0,1,0,0,0,0,0,0,0,0,0,0.9491850103134344,0,0,0,0,"0"
18,0,0,1,1,0,0,0,0,0,0,0,0,0,1.0350973857754964,0,0,0,0,"1"
63,0,0,1,1,0,0,0,0,0,0,0,0,0,1.0247934233387632,0,0,0,0,"1"
29.881137667304014,0,0,0,1,0,0,0,0,0,0,0,0,0,1.1903316981702914,0.30102999566398114,0.30102999566398114,0,0,"0"
11.5,0,0,0,1,0,0,0,0,0,0,0,0,0,1.1903316981702914,0.30102999566398114,0.30102999566398114,0,0,"0"
40.5,0,0,0,1,0,0,0,0,0,0,0,0,0,1.1903316981702914,0,0,0,0,"0"
10,0,0,1,1,0,0,0,0,0,0,0,0,0,1.4005379893919458,0,0,0,0,"0"
36,0,0,0,1,0,0,0,0,0,0,0,0,0,1.4005379893919458,0.30102999566398114,0.30102999566398114,0,0,"0"
30,0,0,1,1,0,0,0,0,0,0,0,0,0,1.4005379893919458,0.30102999566398114,0.30102999566398114,0,0,"0"
29.881137667304014,0,0,0,1,0,0,0,0,0,0,0,0,0,1.021189299069938,0,0,0,0,"0"
33,0,0,0,1,0,0,0,0,0,0,0,0,0,1.021189299069938,0,0,0,0,"0"
28,0,0,0,1,0,0,0,0,0,0,0,0,0,1.021189299069938,0,0,0,0,"0"
28,0,0,0,1,0,0,0,0,0,0,0,0,0,1.021189299069938,0,0,0,0,"0"
47,0,0,0,1,0,0,0,0,0,0,0,0,0,1,0,0,0,0,"0"
18,0,0,1,1,0,0,0,0,0,0,0,0,0,1.2787536009528289,0.47712125471966244,0,0,0,"0"
31,0,0,0,1,0,0,0,0,0,0,0,0,0,1.2787536009528289,0.6020599913279623,0,0,0,"0"
16,0,0,0,1,0,0,0,0,0,0,0,0,0,1.2787536009528289,0.47712125471966244,0,0,0,"0"
31,0,0,1,1,0,0,0,0,0,0,0,0,0,1.2787536009528289,0.30102999566398114,0,0,0,"0"
22,0,0,0,0,1,0,0,0,0,0,0,0,0,0.9151359066220118,0,0,0,0,"1"
20,0,0,0,1,0,0,0,0,0,0,0,0,0,0.9471493276626374,0,0,0,0,"0"
14,0,0,1,1,0,0,0,0,0,0,0,0,0,0.9471493276626374,0,0,0,0,"0"
22,0,0,0,1,0,0,0,0,0,0,0,0,0,0.9491850103134344,0,0,0,0,"0"
22,0,0,0,1,0,0,0,0,0,0,0,0,0,1,0,0,0,0,"0"
29.881137667304014,0,0,0,1,0,0,0,0,0,0,0,0,0,0.9566485792052032,0,0,0,0,"0"
29.881137667304014,0,0,0,1,0,0,0,0,0,0,0,0,0,0.9319661147281726,0,0,0,0,"0"
29.881137667304014,0,0,0,1,0,0,0,0,0,0,0,0,0,0.9566485792052032,0,0,0,0,"0"
32.5,0,0,0,1,0,0,0,0,0,0,0,0,0,1.021189299069938,0,0,0,0,"0"
38,0,0,1,0,1,0,0,0,0,0,0,0,0,0.9153576174148317,0,0,0,0,"1"
51,0,0,0,1,0,0,0,0,0,0,0,0,0,0.9420080530223132,0,0,0,0,"0"
18,0,0,0,1,0,0,0,0,0,0,0,0,0,0.8748179903590257,0.30102999566398114,0,0,0,"0"
21,0,0,0,1,0,0,0,0,0,0,0,0,0,0.8748179903590257,0.30102999566398114,0,0,0,"0"
47,0,0,1,1,0,0,0,0,0,0,0,0,0,0.9030899869919434,0.30102999566398114,0,0,0,"1"
29.881137667304014,0,0,0,1,0,0,0,0,0,0,0,0,0,0.9873310318089705,0,0,0,0,"0"
29.881137667304014,0,0,0,1,0,0,0,0,0,0,0,0,0,0.9319661147281726,0,0,0,0,"0"
29.881137667304014,0,0,0,1,0,0,0,0,0,0,0,0,0,0.9566485792052032,0,0,0,0,"0"
28.5,0,0,0,1,0,0,0,0,0,0,0,0,0,1.2329961103921538,0,0,0,0,"0"
21,0,0,0,1,0,0,0,0,0,0,0,0,0,0.9164539485499249,0,0,0,0,"0"
27,0,0,0,1,0,0,0,0,0,0,0,0,0,0.9850895069263812,0,0,0,0,"0"
29.881137667304014,0,0,0,1,0,0,0,0,0,0,0,0,0,0.9164539485499249,0,0,0,0,"0"
36,0,0,0,1,0,0,0,0,0,0,0,0,0,1.021189299069938,0,0,0,0,"0"
27,0,0,0,0,1,0,0,0,0,0,0,0,0,1.1890465283525413,0.30102999566398114,0,0,0,"0"
15,0,0,1,0,1,0,0,0,0,0,0,0,0,1.1890465283525413,0.30102999566398114,0,0,0,"1"
45.5,0,0,0,0,1,0,0,0,0,0,0,0,0,0.9151359066220118,0,0,0,0,"0"
29.881137667304014,0,0,0,0,1,0,0,0,0,0,0,0,0,0.9151359066220118,0,0,0,0,"0"
29.881137667304014,0,0,0,0,1,0,0,0,0,0,0,0,0,1.189161731418372,0,0,0,0,"0"
14.5,0,0,1,0,1,0,0,0,0,0,0,0,0,1.1890465283525413,0.30102999566398114,0,0,0,"0"
29.881137667304014,0,0,1,0,1,0,0,0,0,0,0,0,0,1.1890465283525413,0.30102999566398114,0,0,0,"0"
26.5,0,0,0,0,1,0,0,0,0,0,0,0,0,0.9151359066220118,0,0,0,0,"0"
27,0,0,0,0,1,0,0,0,0,0,0,0,0,0.9151359066220118,0,0,0,0,"0"
29,0,0,0,1,0,0,0,0,0,0,0,0,0,0.9481683617271317,0,0,0,0,"0"
